class_id,nu0_pair_policy,audit_status,archetype,action_id,one_way,move_shape,delta_atoms,Ea_rep_eV,Ea_std_eV,n_eff,flux_firings,n_selected,occupancy_s,n_instances,reachable,n_members,donor,donor_run,donor_idx,cum_flux_frac_pend,arch_name,fe_role,tok_kinds,n_tok,n_disp_gt1A,mover_rank,mover_margin_A,dra_stored_A,prev_status,stratum
d14b0f70b35ab6d2b222372e1528758c09c3bc1f4ed07e4b5dd717443bdcafd8,pending_research,pending,4972478298379930765,5581027151000475338,False,702021517,0,0.6614343486980941,,1.0,34.307016376359364,35.0,2.6445341762e-08,40.0,True,1,NiFe_Ni95_Fe05_T800_1vac#582,NiFe_Ni95_Fe05_T800_1vac,582,0.0033037498051407075,V1NN_inplane,A1_fe_mover,OTHER,1,1,0,2.4857953080752715,1.2886121394491798,,A1_fe_mover
4c9c92bd19628e139e783c786a55f21fcc38d72dcd4442396a1b26b8554bd316,pending_research,pending,4972478298379930765,5581027151000475338,False,702021517,0,0.6534927888596942,,1.0,34.01947947883375,46.0,8.5181085452e-09,53.0,True,1,NiFe_Ni95_Fe05_T800_9vac#1146,NiFe_Ni95_Fe05_T800_9vac,1146,0.006579809940076647,V1NN_inplane,A1_fe_mover,OTHER,1,1,0,2.4855423929041525,1.2895160634316936,,A1_fe_mover
84348123e348cb9a8205c6b402257550deff4345f12ab78bf2a1f2fc237a2ce9,pending_research,pending,4972478298379930765,5581027151000475338,False,702021517,0,0.659218627009068,,1.0,33.66045470869737,39.0,9.556430221999996e-09,39.0,True,1,NiFe_Ni95_Fe05_T800_1vac#361,NiFe_Ni95_Fe05_T800_1vac,361,0.009821296155748767,V1NN_inplane,A1_fe_mover,OTHER,1,1,0,2.487413543647955,1.2705028606994462,,A1_fe_mover
6bd855e97581b9e65aaed95f4f52f93d2248d2731d2cb464d80e3147051435b2,pending_research,pending,4972478298379930765,5581027151000475338,False,2449922983,0,0.6245661865350485,,1.0,33.53494823048307,23.0,1.073672199e-07,28.0,True,1,NiFe_Ni95_Fe05_T600_6vac#721,NiFe_Ni95_Fe05_T600_6vac,721,0.013050696155633548,V1NN_inplane,A1_fe_mover,OTHER,1,1,0,2.422625471883666,1.2474384731846542,,A1_fe_mover
9d2065d8ef776e86c62e7db745a0efc05cca956dad10ece50b033a3e35d1861b,pending_research,approved,4972478298379930765,5581027151000475338,False,702021517,0,0.6679332186521474,,2.0,33.1718110848676,44.0,1.3420682416e-08,62.0,True,2,NiFe_Ni95_Fe05_T800_6vac#1186,NiFe_Ni95_Fe05_T800_6vac,1186,0.01624512621639844,V1NN_inplane,A1_fe_mover,OTHER,1,1,0,2.4672087049297415,1.2811194526117249,,A1_fe_mover
956aa92c83b1f215429e50391400c20dad2476dc7ae1e1788b021116ce5f81e3,pending_research,pending,4972478298379930765,5581027151000475338,False,702021517,0,0.6610144571432103,,1.0,32.60344369332584,27.0,2.9493214881e-06,104.0,True,1,NiFe_Ni95_Fe05_T500_9vac#873,NiFe_Ni95_Fe05_T500_9vac,873,0.019384822760309083,V1NN_inplane,A1_fe_mover,OTHER,1,1,0,2.4871801287854285,1.2857837473397353,,A1_fe_mover
30c1fbfdb544db25b2ae70a0565aeb8138f49c9878fc7410551ac677d63abe50,pending_research,pending,4972478298379930765,5581027151000475338,False,4081219197,0,0.6458920610048154,,1.0,32.420712934008705,34.0,7.0660062149999995e-09,39.0,True,1,NiFe_Ni95_Fe05_T800_2vac#318,NiFe_Ni95_Fe05_T800_2vac,318,0.0225069224166366,V1NN_inplane,A1_fe_mover,HOLLOW_FCC,1,1,0,2.476807004064459,1.2765475733263385,,A1_fe_mover
7f3a85a2e0ebd221caf9d0099b3aee87375324c0c86ae94ab213d08b3cbc9992,pending_research,pending,4972478298379930765,5581027151000475338,False,702021517,0,0.6862280410750828,,1.0,32.27384770273446,21.0,1.3285409800599998e-08,58.0,True,1,NiFe_Ni95_Fe05_T800_7vac#1218,NiFe_Ni95_Fe05_T800_7vac,1218,0.025614879019138587,V1NN_inplane,A1_fe_mover,OTHER,1,1,0,2.4657292710782484,1.2600408058501285,,A1_fe_mover
4412d64d93fac3247c1c625c798d5ff96b7d4a839e5a69c1ea2b9757eacc9c6d,pending_research,pending,4972478298379930765,5581027151000475338,False,702021517,0,0.5907269971439745,,1.0,31.33787055171163,27.0,2.7501197896e-08,30.0,True,1,NiFe_Ni95_Fe05_T700_6vac#619,NiFe_Ni95_Fe05_T700_6vac,619,0.028632701455020396,V1NN_inplane,A1_fe_mover,OTHER,1,1,0,2.4650542096221306,1.2704703177876537,,A1_fe_mover
1e504c7198e3d9ac4f736fedd72585d2ede75f0e333971f53e09763b3319a1e0,pending_research,pending,4972478298379930765,5581027151000475338,False,702021517,0,0.6654699602750044,,1.0,30.72398209788782,27.0,2.136751667e-07,27.0,True,1,NiFe_Ni95_Fe05_T600_8vac#825,NiFe_Ni95_Fe05_T600_8vac,825,0.031591406716810204,V1NN_inplane,A1_fe_mover,OTHER,1,1,0,2.483668725225181,1.284374690114126,,A1_fe_mover
8e6f02b3ab9492b2d74ccc39faf49a52bcfd8fe02f0b594132b513ee42c2e13c,pending_research,pending,4972478298379930765,5581027151000475338,False,3688026399,0,0.3236669939615241,,1.0,30.168958326197824,43.0,1.314804830386e-10,44.0,True,1,NiFe_Ni95_Fe05_T800_8vac#1773,NiFe_Ni95_Fe05_T800_8vac,1773,0.03449666344616415,V1NN_inplane,A1_fe_mover,HOLLOW_FCC,1,1,0,2.433812655219039,1.0356974008862683,,A1_fe_mover
a1eb1b8d1b0e93d2cf3fb9ebd257d1346a334abf32c954b77495b6d9b3cc411a,pending_research,approved,4972478298379930765,5581027151000475338,False,702021517,0,0.6368872336660562,,2.0,30.126277528410924,30.0,1.1589898699e-08,60.0,True,2,NiFe_Ni95_Fe05_T700_3vac#522,NiFe_Ni95_Fe05_T700_3vac,522,0.03739781003443719,V1NN_inplane,A1_fe_mover,OTHER,1,1,0,2.4761664913663743,1.2590966620328663,,A1_fe_mover
8475909f39b1ed4d99f7a35ce2c8ef3fc11a7aee60b2589da8c7111e786cfaa9,pending_research,pending,4972478298379930765,5581027151000475338,False,702021517,0,0.6638165165049941,,1.0,30.08147985097042,27.0,2.8395695270000004e-06,94.0,True,1,NiFe_Ni95_Fe05_T500_9vac#872,NiFe_Ni95_Fe05_T500_9vac,872,0.04029464262709805,V1NN_inplane,A1_fe_mover,OTHER,1,1,0,2.4871801287854285,1.2687474392973908,,A1_fe_mover
fbcdf3c2dafba13b7cd95f8dba23be78134a2b33acea9ea1913554c36bf0ce4f,pending_research,pending,4972478298379930765,5581027151000475338,False,702021517,0,0.6474752935700964,,1.0,30.01408417239367,41.0,6.6555999700000005e-09,42.0,True,1,NiFe_Ni95_Fe05_T800_1vac#615,NiFe_Ni95_Fe05_T800_1vac,615,0.04318498504709212,V1NN_inplane,A1_fe_mover,OTHER,1,1,0,2.474665758160553,1.2767314769867082,,A1_fe_mover
71ab0234149cc761359875aefc5f28949caedb25bf99d5375244bb1cb51dc42a,pending_research,approved,4972478298379930765,5581027151000475338,False,702021517,0,0.5479495993443059,,2.0,29.684767845850477,25.0,8.0253821236e-08,97.0,True,2,NiFe_Ni95_Fe05_T700_3vac#497,NiFe_Ni95_Fe05_T700_3vac,497,0.04604361445719598,V1NN_inplane,A1_fe_mover,OTHER,1,1,0,2.463190560398235,1.2648315856720014,,A1_fe_mover
c0e46583835ad426f1de2e09d231c84a79bcf389b4144cb591e55de6cf128642,pending_research,pending,4972478298379930765,5581027151000475338,False,702021517,0,0.6527210571894101,,1.0,29.502349270989946,33.0,1.7547639832499996e-08,118.0,True,1,NiFe_Ni95_Fe05_T800_4vac#553,NiFe_Ni95_Fe05_T800_4vac,553,0.048884677042935455,V1NN_inplane,A1_fe_mover,OTHER,1,1,0,2.4735977811745293,1.2651835903783792,,A1_fe_mover
33f29bc4b112e7e0912821acfaec5c75c64726e0358d71b0d1ad488876659a51,pending_research,pending,4972478298379930765,5581027151000475338,False,702021517,0,0.6461421330423037,,1.0,29.41361876138665,31.0,2.504659375e-08,33.0,True,1,NiFe_Ni95_Fe05_T700_2vac#365,NiFe_Ni95_Fe05_T700_2vac,365,0.05171719492165068,V1NN_inplane,A1_fe_mover,OTHER,1,1,0,2.470825558847471,1.2695572883972572,,A1_fe_mover
826095692e9f39d98343844a4c3b06be9a8b2eb72ee4d002f4147fa6a815ac82,pending_research,pending,4972478298379930765,5581027151000475338,False,702021517,0,0.6611454687399599,,1.0,29.38593734074389,35.0,6.9987535552e-08,40.0,True,1,NiFe_Ni95_Fe05_T800_1vac#581,NiFe_Ni95_Fe05_T800_1vac,581,0.05454704709236464,V1NN_inplane,A1_fe_mover,OTHER,1,1,0,2.4857953080752715,1.266672232226044,,A1_fe_mover
6935a824142d9604d2e07a800884c8453968fa15a44e90776e03c6ab6465348c,pending_research,pending,4972478298379930765,5581027151000475338,False,112054587,0,0.6360248799228431,,1.0,29.26205253083963,34.0,2.36921513425e-08,44.0,True,1,NiFe_Ni95_Fe05_T700_10vac#814,NiFe_Ni95_Fe05_T700_10vac,814,0.05736496921319925,V1NN_inplane,A1_fe_mover,HOLLOW_FCC,1,1,0,2.454059113914436,1.3395789945656298,,A1_fe_mover
b78566861958edd41db125fad883350cd3551ea7b18f94cc6cab81f56309f67f,pending_research,pending,4972478298379930765,5581027151000475338,False,702021517,0,0.660324519497408,,1.0,28.38133026501032,19.0,8.21468238e-09,20.0,True,1,NiFe_Ni95_Fe05_T800_2vac#664,NiFe_Ni95_Fe05_T800_2vac,664,0.06009807818729455,V1NN_inplane,A1_fe_mover,OTHER,1,1,0,2.487557670860017,1.2906126514788485,,A1_fe_mover
47d6b0c5baef6d772d57a98e450ae5228aaf58b58d0f22b9111a57e9b255fd54,pending_research,pending,4972478298379930765,5581027151000475338,False,4081219197,0,0.6264968845389377,,1.0,28.25263286840925,24.0,5.412752711e-09,45.0,True,1,NiFe_Ni95_Fe05_T800_1vac#244,NiFe_Ni95_Fe05_T800_1vac,244,0.0628187936616381,V1NN_inplane,A1_fe_mover,HOLLOW_FCC,1,1,0,2.454758753153551,1.1461256503142168,,A1_fe_mover
76fdadd8b917f76a0223636fd397c8548cb2507b322868d57f043278ca1db689,pending_research,pending,4972478298379930765,5581027151000475338,False,702021517,0,0.6472302222928193,,1.0,27.767728744447982,31.0,2.440729182e-08,31.0,True,1,NiFe_Ni95_Fe05_T700_2vac#366,NiFe_Ni95_Fe05_T700_2vac,366,0.06549281309318172,V1NN_inplane,A1_fe_mover,OTHER,1,1,0,2.470825558847471,1.268869355755927,,A1_fe_mover
dfcde3b17335ecf9ff0b0e11bdcc0d806158e13fbc569459cd0a0682eb3438ed,pending_research,pending,4972478298379930765,5581027151000475338,False,702021517,0,0.6577463499370425,,1.0,27.30264395022352,26.0,7.463079954e-09,60.0,True,1,NiFe_Ni95_Fe05_T800_4vac#625,NiFe_Ni95_Fe05_T800_4vac,625,0.06812204507420978,V1NN_inplane,A1_fe_mover,OTHER,1,1,0,2.4906926587942815,1.2755584142301173,,A1_fe_mover
6a2a03a2b83a16ede531db5858edd4e55c9e70fe4ab2dc7bddda22411c3e9166,pending_research,pending,4972478298379930765,5581027151000475338,False,702021517,0,0.6589742779706287,,1.0,27.1438234629202,28.0,7.67616063e-09,29.0,True,1,NiFe_Ni95_Fe05_T800_1vac#664,NiFe_Ni95_Fe05_T800_1vac,664,0.07073598271578771,V1NN_inplane,A1_fe_mover,OTHER,1,1,0,2.486905795379108,1.2885693436379486,,A1_fe_mover
563c4306ae2298053c5a0a2961a828c85b25b3df2cc3276f368be80148a903db,pending_research,pending,4972478298379930765,5581027151000475338,False,702021517,0,0.6496114479996323,,1.0,27.00172012854818,15.0,6.6001197e-09,17.0,True,1,NiFe_Ni95_Fe05_T800_9vac#1226,NiFe_Ni95_Fe05_T800_9vac,1226,0.07333623587200874,V1NN_inplane,A1_fe_mover,OTHER,1,1,0,2.4832990793528738,1.2669755681413293,,A1_fe_mover
edd1c4f39dd12457e048ed4fe1c1d2904d393840bfbd7861a61bc7d5fbc1f8aa,pending_research,pending,4972478298379930765,5581027151000475338,False,1466825020,0,0.6812443766239086,,1.0,26.85528082010963,27.0,6.4683278903e-06,183.0,True,1,NiFe_Ni95_Fe05_T500_9vac#756,NiFe_Ni95_Fe05_T500_9vac,756,0.07592238699057627,V1NN_inplane,A1_fe_mover,HOLLOW_FCC,1,1,0,2.4872023330605257,1.3733206866228636,,A1_fe_mover
5ca7383b6fe11bbd19f1e727a4a26cd1ab812b8459564879cf106dab17b6fd3d,pending_research,pending,4972478298379930765,5581027151000475338,False,1466825020,0,0.6850927303366917,,1.0,26.55730832965924,35.0,6.4683278903e-06,183.0,True,1,NiFe_Ni95_Fe05_T500_9vac#777,NiFe_Ni95_Fe05_T500_9vac,777,0.07847984349616832,V1NN_inplane,A1_fe_mover,HOLLOW_FCC,1,1,0,2.4850761299487294,1.391579439832894,,A1_fe_mover
a3e562860d24e05cf083f4d745e4da48eb4259598a656d1de908065755747539,pending_research,pending,4972478298379930765,5581027151000475338,False,702021517,0,0.6241872140108172,,1.0,26.52175531151392,26.0,1.5771977981000002e-08,59.0,True,1,NiFe_Ni95_Fe05_T700_6vac#203,NiFe_Ni95_Fe05_T700_6vac,203,0.08103387626256134,V1NN_inplane,A1_fe_mover,OTHER,1,1,0,2.4682687672462653,1.2661043824765714,,A1_fe_mover
330dcba931a45e35f07d1350f931e5c1a3bd051c5ec170e1d8d1a3c30522092e,pending_research,pending,4972478298379930765,5581027151000475338,False,1466825020,0,0.685894091062437,,1.0,26.47691452024991,18.0,1.9114893201000004e-08,110.0,True,1,NiFe_Ni95_Fe05_T800_7vac#768,NiFe_Ni95_Fe05_T800_7vac,768,0.08358359088150091,V1NN_inplane,A1_fe_mover,HOLLOW_FCC,1,1,0,2.4863720645280543,1.380094583184245,,A1_fe_mover
6e1aa4478a7f5f26f7107ad04923fff606f76db3d098f37b1469c5537b945a43,pending_research,pending,4972478298379930765,5581027151000475338,False,702021517,0,0.6537497764147703,,1.0,26.44630205534705,33.0,2.6738399290000006e-08,36.0,True,1,NiFe_Ni95_Fe05_T700_9vac#1412,NiFe_Ni95_Fe05_T700_9vac,1412,0.08613035753423298,V1NN_inplane,A1_fe_mover,OTHER,1,1,0,2.4824657154463123,1.275816544649939,,A1_fe_mover
abc36c88a99ba62b09f96904c512ec4060783eab54c7ae0f0c5681ca7b8a8f0c,pending_research,approved,4972478298379930765,5581027151000475338,False,702021517,0,0.519654773361394,,2.0,25.774407851758397,24.0,5.763750731999999e-09,34.0,True,2,NiFe_Ni95_Fe05_T700_3vac#496,NiFe_Ni95_Fe05_T700_3vac,496,0.08861242108600666,V1NN_inplane,A1_fe_mover,OTHER,1,1,0,2.463190560398235,1.2664264227940565,,A1_fe_mover
da6f3fdfd45b2499b776b7d3895518a3c7daf28db7c791a55a49baf585e3bc76,pending_research,pending,4972478298379930765,5581027151000475338,False,702021517,0,0.622903166992728,,1.0,25.551785292660547,27.0,1.36694957312e-07,58.0,True,1,NiFe_Ni95_Fe05_T700_6vac#620,NiFe_Ni95_Fe05_T700_6vac,620,0.09107304618833398,V1NN_inplane,A1_fe_mover,OTHER,1,1,0,2.4650542096221306,1.2608674659523023,,A1_fe_mover
385d293b7a2a7a931d2127dfc50daeb7c2bf8dacccdbfb3e5d09c8ed99799d09,pending_research,pending,4972478298379930765,5581027151000475338,False,702021517,0,0.6604874280028527,,1.0,25.49327814272715,20.0,2.8129712470000006e-08,22.0,True,1,NiFe_Ni95_Fe05_T700_1vac#343,NiFe_Ni95_Fe05_T700_1vac,343,0.09352803707919063,V1NN_inplane,A1_fe_mover,OTHER,1,1,0,2.484657758641884,1.2753834924881904,,A1_fe_mover
9e78f405812985015efd72f5ba84bcd5134edf334b8252dd57766ea228b0247e,pending_research,pending,4972478298379930765,5581027151000475338,False,702021517,0,0.6592822018119479,,1.0,25.467730022339023,27.0,7.163755884e-09,68.0,True,1,NiFe_Ni95_Fe05_T800_4vac#624,NiFe_Ni95_Fe05_T800_4vac,624,0.09598056769787358,V1NN_inplane,A1_fe_mover,OTHER,1,1,0,2.4906926587942815,1.2843809274125209,,A1_fe_mover
d9acd8a4f36a89750b5f274220a841c461c4b8d569983a6738a7ce90daf5a905,pending_research,pending,4972478298379930765,5581027151000475338,False,1466825020,0,0.6747500843739546,,1.0,25.41466339500778,20.0,9.12977041e-06,21.0,True,1,NiFe_Ni95_Fe05_T500_10vac#877,NiFe_Ni95_Fe05_T500_10vac,877,0.09842798802489544,V1NN_inplane,A1_fe_mover,HOLLOW_FCC,1,1,0,2.489028069192814,1.3823632458827066,,A1_fe_mover
169a81497f4ea4f2ff2d7ff4a88470ecc434c7d3d7ae2e066113a0b002ef14d9,pending_research,approved,4972478298379930765,5581027151000475338,False,702021517,0,0.5621874174243519,,2.0,25.380189404468982,27.0,2.6574382722e-08,129.0,True,2,NiFe_Ni95_Fe05_T800_8vac#979,NiFe_Ni95_Fe05_T800_8vac,979,0.10087208852257756,V1NN_inplane,A1_fe_mover,OTHER,1,1,0,2.486679039386422,1.2838083522254002,,A1_fe_mover
6ba75663285e374af675e90fcb3598595681d936c71c21acd41cfbd66001a9f4,pending_research,approved,4972478298379930765,5581027151000475338,False,702021517,0,0.634017859631561,0.02,5.0,25.3484347996345,26.0,2.4171313819e-07,43.0,True,5,NiFe_Ni95_Fe05_T500_9vac#484,NiFe_Ni95_Fe05_T500_9vac,484,0.10331313106650518,V1NN_inplane,A1_fe_mover,OTHER,1,1,0,2.4884866526002467,1.2848569165457389,,A1_fe_mover
e3e03d29f1727451d68a7bb30381138cb144617568c658d22be654773aec9090,pending_research,pending,4972478298379930765,5581027151000475338,False,702021517,0,0.5902825227221912,,1.0,25.23351580081123,25.0,1.031803794e-08,42.0,True,1,NiFe_Ni95_Fe05_T700_6vac#204,NiFe_Ni95_Fe05_T700_6vac,204,0.10574310696401257,V1NN_inplane,A1_fe_mover,OTHER,1,1,0,2.4682687672462653,1.2708686485887928,,A1_fe_mover
6da62d3627ac30f51ef955689f3072797d068e321254facf30749184f2cc784a,pending_research,pending,4972478298379930765,5581027151000475338,False,4081219197,0,0.6459330057587068,,1.0,25.13080458959625,34.0,5.710193744e-09,34.0,True,1,NiFe_Ni95_Fe05_T800_2vac#319,NiFe_Ni95_Fe05_T800_2vac,319,0.1081631918193986,V1NN_inplane,A1_fe_mover,HOLLOW_FCC,1,1,0,2.476807004064459,1.2697610786540323,,A1_fe_mover
613f4bc2f63544ca9958cc58bcf349cf43a9fa5c4e115f80c7a8a1199248c037,pending_research,pending,4972478298379930765,5581027151000475338,False,702021517,0,0.6605866828858781,,1.0,25.040928639820844,21.0,7.018764715e-09,25.0,True,1,NiFe_Ni95_Fe05_T800_8vac#1438,NiFe_Ni95_Fe05_T800_8vac,1438,0.11057462166240173,V1NN_inplane,A1_fe_mover,OTHER,1,1,0,2.485679294445148,1.2831470636168363,,A1_fe_mover
ccc5382eddbf00c0956f12b3f89edc626e6c7d8a4845188bcc8d0d92696388da,pending_research,pending,4972478298379930765,5581027151000475338,False,4081219197,0,0.5522921255851544,,1.0,25.03694487085226,24.0,2.048719998e-09,24.0,True,1,NiFe_Ni95_Fe05_T800_1vac#245,NiFe_Ni95_Fe05_T800_1vac,245,0.11298566787029626,V1NN_inplane,A1_fe_mover,HOLLOW_FCC,1,1,0,2.454758753153551,1.3781240921684026,,A1_fe_mover
034a6d891e667ada6136986e44aa0f7d1b7d0134af0a3ce1471db8ff166532d9,pending_research,pending,4972478298379930765,5581027151000475338,False,3031796809,0,0.5448608828319267,,1.0,24.65237139758812,18.0,4.906640758e-08,27.0,True,1,NiFe_Ni95_Fe05_T600_9vac#735,NiFe_Ni95_Fe05_T600_9vac,735,0.11535967983063569,V1NN_inplane,A1_fe_mover,HOLLOW_FCC,1,1,0,2.502891518265988,1.1054968839434138,,A1_fe_mover
ddf64d449e15f7a9772ab971e76df2db8ed60e0117243916fd8b863fd1f643ec,pending_research,pending,4972478298379930765,5581027151000475338,False,4081219197,0,0.5402042502000769,,1.0,23.85807349482334,19.0,1.614546751e-09,19.0,True,1,NiFe_Ni95_Fe05_T800_1vac#247,NiFe_Ni95_Fe05_T800_1vac,247,0.11765720127041529,V1NN_inplane,A1_fe_mover,HOLLOW_FCC,1,1,0,2.4514099644693257,1.3721961368576532,,A1_fe_mover
0aa4f08deecdee9f0607ad47ecf0e4ae549dc7742ddd23291d4629c5e261e971,pending_research,pending,4972478298379930765,5581027151000475338,False,4081219197,0,0.6538568643400141,,1.0,23.198631566525176,23.0,5.7215832605e-09,66.0,True,1,NiFe_Ni95_Fe05_T800_7vac#1473,NiFe_Ni95_Fe05_T800_7vac,1473,0.119891218757586,V1NN_inplane,A1_fe_mover,HOLLOW_FCC,1,1,0,2.459449618712915,1.2623630679879547,,A1_fe_mover
8164836264d441dc62dc21bb0c0d851ff7a5afc17ee7d87dab51b59135bfd108,pending_research,pending,4972478298379930765,5581027151000475338,False,1687189792,0,0.6373564604582499,,1.0,22.86246043987252,18.0,4.448288796e-09,44.0,True,1,NiFe_Ni95_Fe05_T800_8vac#744,NiFe_Ni95_Fe05_T800_8vac,744,0.12209286312078729,V1NN_inplane,A1_fe_mover,OTHER,1,1,0,2.4704766576540442,1.2741099661204673,,A1_fe_mover
6a7da0d13a3d5de310910f02120317c6683836a4fa04d0dda4ffe3326075efa6,pending_research,pending,4972478298379930765,5581027151000475338,False,4081219197,0,0.6453809957884006,,1.0,22.814485718463526,27.0,1.0802108893000001e-07,29.0,True,1,NiFe_Ni95_Fe05_T600_6vac#537,NiFe_Ni95_Fe05_T600_6vac,537,0.12428988754051208,V1NN_inplane,A1_fe_mover,HOLLOW_FCC,1,1,0,2.474208069419703,1.2693006128593658,,A1_fe_mover
f5782f4f020aa2b0afb25549eb4938009d2340d8f8a2c92bcc4aeb4bf26e9654,pending_research,pending,4972478298379930765,5581027151000475338,False,702021517,0,0.6805624166117924,,1.0,22.50156147867025,23.0,7.9321796114e-09,81.0,True,1,NiFe_Ni95_Fe05_T800_7vac#1474,NiFe_Ni95_Fe05_T800_7vac,1474,0.126456777500717,V1NN_inplane,A1_fe_mover,OTHER,1,1,0,2.459449618712915,1.2710008777184636,,A1_fe_mover
4475babebd7e251e146b0c478a125c865ace71ccf2693aac4e0fe8350fdc9052,pending_research,pending,4972478298379930765,5581027151000475338,False,2690314080,0,0.6602182339547654,,1.0,22.485251886001148,22.0,1.4355915656e-07,27.0,True,1,NiFe_Ni95_Fe05_T600_6vac#722,NiFe_Ni95_Fe05_T600_6vac,722,0.1286220968546934,V1NN_inplane,A1_fe_mover,OTHER,1,1,0,2.422625471883666,1.2788055426567018,,A1_fe_mover
f5c567b9158da1da828691e27f7b10d00e5d1c9d02e678e1299c16d1e6534258,pending_research,pending,4972478298379930765,5581027151000475338,False,702021517,0,0.6520566557010169,,1.0,22.48442264688354,19.0,5.118512455e-08,24.0,True,1,NiFe_Ni95_Fe05_T800_1vac#726,NiFe_Ni95_Fe05_T800_1vac,726,0.1307873363533264,V1NN_inplane,A1_fe_mover,OTHER,1,1,0,2.4806331965625605,1.2753529871776832,,A1_fe_mover
04741e02317c6cf33dd0e3be491b8b6e660675148409a9c22dcda8bfa3ddc8b6,pending_research,pending,4972478298379930765,5581027151000475338,False,4081219197,0,0.6462541580513063,,1.0,22.18055540280266,26.0,1.1425655110000001e-07,27.0,True,1,NiFe_Ni95_Fe05_T600_6vac#538,NiFe_Ni95_Fe05_T600_6vac,538,0.13292331357693649,V1NN_inplane,A1_fe_mover,HOLLOW_FCC,1,1,0,2.474208069419703,1.2747071396914273,,A1_fe_mover
2436fc2179a7c87903231399b42497e0629cac9db4eed0ab43af8ffa8111e974,pending_research,pending,4972478298379930765,5581027151000475338,False,702021517,0,0.6575119759882001,,1.0,21.99894941829816,18.0,2.402603945e-07,26.0,True,1,NiFe_Ni95_Fe05_T600_3vac#198,NiFe_Ni95_Fe05_T600_3vac,198,0.13504180222825754,V1NN_inplane,A1_fe_mover,OTHER,1,1,0,2.4848715677695274,1.2796186076658664,,A1_fe_mover
69e194507327d750cc2297d1ce351055adabaa32003d4deaa580cdaae1d55db8,pending_research,pending,4972478298379930765,5581027151000475338,False,702021517,0,0.6532799865908602,,1.0,21.84706349848809,25.0,1.3273507525e-07,42.0,True,1,NiFe_Ni95_Fe05_T600_8vac#757,NiFe_Ni95_Fe05_T600_8vac,757,0.13714566433576986,V1NN_inplane,A1_fe_mover,OTHER,1,1,0,2.472415504569699,1.295051555691411,,A1_fe_mover
9bdfcfa7fef202c308beff7c65ff94c7dff1517be9668f4e58e8afbf3136238d,pending_research,pending,4972478298379930765,5581027151000475338,False,3031796809,0,0.4802763269954085,,1.0,21.47569095625822,22.0,3.46649506e-09,27.0,True,1,NiFe_Ni95_Fe05_T700_9vac#1097,NiFe_Ni95_Fe05_T700_9vac,1097,0.13921376343927835,V1NN_inplane,A1_fe_mover,HOLLOW_FCC,1,1,0,2.496464851933825,1.1727875297264772,,A1_fe_mover
55cefd5fd1ba138c1fcfa94d2cb41393a8ec02cae5a8a00748bffb1c108d5012,pending_research,pending,4972478298379930765,5581027151000475338,False,702021517,0,0.6508795412528344,,1.0,20.612773443055183,15.0,1.1016593800000001e-07,15.0,True,1,NiFe_Ni95_Fe05_T600_2vac#309,NiFe_Ni95_Fe05_T600_2vac,309,0.1411987639854882,V1NN_inplane,A1_fe_mover,OTHER,1,1,0,2.475546269687274,1.2511144024018255,,A1_fe_mover
8d1e612da4edb578dd17a3a9cd5478a8b34b990b82543a308543a3b91d46de14,pending_research,pending,4972478298379930765,5581027151000475338,False,2112806698,0,0.5807079010082818,,1.0,20.17450183271547,19.0,3.6020978710000006e-09,30.0,True,1,NiFe_Ni95_Fe05_T800_7vac#767,NiFe_Ni95_Fe05_T800_7vac,767,0.14314155917838564,V1NN_inplane,A1_fe_mover,HOLLOW_FCC,1,1,0,2.4863720645280543,1.1965634001929382,,A1_fe_mover
b7b090e1d839666e8af9983bad9eb660eb44a014a8530a21e09f76fcd91fc5b7,pending_research,pending,4972478298379930765,5581027151000475338,False,702021517,0,0.6574900401392371,,1.0,20.07669173624718,19.0,1.7329051130000002e-06,26.0,True,1,NiFe_Ni95_Fe05_T500_9vac#700,NiFe_Ni95_Fe05_T500_9vac,700,0.1450749353042443,V1NN_inplane,A1_fe_mover,OTHER,1,1,0,2.4852322556911064,1.2874902751511177,,A1_fe_mover
60d4664c77c37dfa0dbb8989730126eec3947d52c77afa873289bbcb5045d308,pending_research,pending,4972478298379930765,5581027151000475338,False,702021517,0,0.6523543329376481,,1.0,19.78575647189488,20.0,2.038022247e-08,20.0,True,1,NiFe_Ni95_Fe05_T700_2vac#540,NiFe_Ni95_Fe05_T700_2vac,540,0.14698029449874508,V1NN_inplane,A1_fe_mover,OTHER,1,1,0,2.4841224666983326,1.2807945868189767,,A1_fe_mover
fba5d080ff094cc5a3d7dc229201e5dd11932498c2805837b8ed920e2832387d,pending_research,pending,4972478298379930765,5581027151000475338,False,702021517,0,0.6541344988218044,,1.0,19.78546923854533,15.0,4.66959953e-09,16.0,True,1,NiFe_Ni95_Fe05_T800_2vac#557,NiFe_Ni95_Fe05_T800_2vac,557,0.14888562603280717,V1NN_inplane,A1_fe_mover,OTHER,1,1,0,2.4855485589123867,1.2886786155426064,,A1_fe_mover
d6796752c581666587c9e2bde70ea47eca8b4d61bfe0c79bc6332112fcd71609,pending_research,pending,4972478298379930765,5581027151000475338,False,702021517,0,0.6574485610890407,,1.0,19.61847714459672,20.0,1.629660107e-06,25.0,True,1,NiFe_Ni95_Fe05_T500_9vac#699,NiFe_Ni95_Fe05_T500_9vac,699,0.15077487630547973,V1NN_inplane,A1_fe_mover,OTHER,1,1,0,2.4852322556911064,1.2656491739965685,,A1_fe_mover
3e3b04c2c5bf0aebe5bbb00011cc5819c93f15108f4a368d7d1db68959d6ebee,pending_research,pending,4972478298379930765,5581027151000475338,False,702021517,0,0.6545783956007655,,1.0,19.48339854642104,21.0,4.811536706999999e-09,21.0,True,1,NiFe_Ni95_Fe05_T800_1vac#486,NiFe_Ni95_Fe05_T800_1vac,486,0.15265111857164113,V1NN_inplane,A1_fe_mover,OTHER,1,1,0,2.4826808265375684,1.286681166099695,,A1_fe_mover
2d198081512be5411dd1e02a11ab8570df49ac369a727c821fb7d0b0a4aa4199,pending_research,pending,4972478298379930765,5581027151000475338,False,2112806698,0,0.5697131525439546,,1.0,19.29847099053914,21.0,7.194443623e-07,21.0,True,1,NiFe_Ni95_Fe05_T500_10vac#876,NiFe_Ni95_Fe05_T500_10vac,876,0.15450955239972655,V1NN_inplane,A1_fe_mover,HOLLOW_FCC,1,1,0,2.489028069192814,1.1938584100255547,,A1_fe_mover
cfabccc4a350c920e60a022c1c45c67f13ee1d7493d4cb3eb6fe997c4736ef6d,pending_research,approved,4972478298379930765,5581027151000475338,False,3031796809,0,0.4669730206153161,0.02,5.0,19.02647568293955,17.0,1.6101266077750003e-05,18.0,True,5,NiFe_Ni95_Fe05_T300_8vac#65,NiFe_Ni95_Fe05_T300_8vac,65,0.15634179320552688,V1NN_inplane,A1_fe_mover,HOLLOW_FCC,1,1,0,2.486843178178567,1.155522493045303,,A1_fe_mover
ffe6d311358074dea9824531c68ebf3e4089a523773a4cf312559fcff9edc169,pending_research,pending,4972478298379930765,5581027151000475338,False,702021517,0,0.6551488590102964,,1.0,18.9971079800384,15.0,2.085351259e-08,16.0,True,1,NiFe_Ni95_Fe05_T700_2vac#289,NiFe_Ni95_Fe05_T700_2vac,289,0.15817120591512462,V1NN_inplane,A1_fe_mover,OTHER,1,1,0,2.483482735253142,1.2860959342187934,,A1_fe_mover
233ccee6f701941e58a4f4510bd7fdd8980093e9ff0363841e50e6c5cc9629af,pending_research,pending,4972478298379930765,5581027151000475338,False,2112806698,0,0.58054012329103,,1.0,18.84859706526325,22.0,3.2457345324e-09,46.0,True,1,NiFe_Ni95_Fe05_T800_7vac#1327,NiFe_Ni95_Fe05_T800_7vac,1327,0.15998631709233702,V1NN_inplane,A1_fe_mover,HOLLOW_FCC,1,1,0,2.486726258535214,1.1855091487605882,,A1_fe_mover
e7731d99e78fbb6528a47222ef9302e3060420dc12c18c70240511d3e2de095b,pending_research,pending,4972478298379930765,5581027151000475338,False,4081219197,0,0.6540898699622631,,1.0,18.8269495786354,15.0,1.0341848670000001e-07,17.0,True,1,NiFe_Ni95_Fe05_T600_2vac#308,NiFe_Ni95_Fe05_T600_2vac,308,0.16179934362660223,V1NN_inplane,A1_fe_mover,HOLLOW_FCC,1,1,0,2.475546269687274,1.2905624877938506,,A1_fe_mover
d7cf10426f89d2b41d9bf8a7e9286856d7b276ad28f27112f5e1cf18a113f324,pending_research,pending,4972478298379930765,5581027151000475338,False,702021517,0,0.6551385046277575,,1.0,18.78288727742237,21.0,4.739025624e-09,22.0,True,1,NiFe_Ni95_Fe05_T800_1vac#485,NiFe_Ni95_Fe05_T800_1vac,485,0.16360812698164573,V1NN_inplane,A1_fe_mover,OTHER,1,1,0,2.4826808265375684,1.263943062688159,,A1_fe_mover
4cc00330fa3cd0c194cf1c0464d46208f657d96faace386eea5bf3b60c2ed66f,pending_research,pending,4972478298379930765,5581027151000475338,False,702021517,0,0.6558656282277299,,1.0,18.780855497918576,29.0,4.8337774869999996e-09,29.0,True,1,NiFe_Ni95_Fe05_T800_1vac#663,NiFe_Ni95_Fe05_T800_1vac,663,0.16541671467726302,V1NN_inplane,A1_fe_mover,OTHER,1,1,0,2.486905795379108,1.2666327002340267,,A1_fe_mover
a7a7d49c13a2d05329da6d62ff358c7bf744589597fa136014ff7233c7d14f0e,pending_research,pending,4972478298379930765,5581027151000475338,False,4081219197,0,0.6463934009170772,,1.0,18.7547219046688,19.0,5.412752711e-09,45.0,True,1,NiFe_Ni95_Fe05_T800_1vac#246,NiFe_Ni95_Fe05_T800_1vac,246,0.16722278571994087,V1NN_inplane,A1_fe_mover,HOLLOW_FCC,1,1,0,2.4514099644693257,1.1459638084250654,,A1_fe_mover
d50a753269b9aa1c5448a0013c1ae2f0e778ca1f68a660e318b3bd4d2f20c73a,pending_research,approved,4972478298379930765,5581027151000475338,False,702021517,0,0.5671582902051844,,2.0,18.437342935648523,17.0,7.330499521e-09,30.0,True,2,NiFe_Ni95_Fe05_T800_5vac#312,NiFe_Ni95_Fe05_T800_5vac,312,0.16899829331473526,V1NN_inplane,A1_fe_mover,OTHER,1,1,0,2.4799392210013007,1.258018277610297,,A1_fe_mover
92d4ec76bd65a1075193f5f705e21b438cb1b819b661972d676eb431fa089c74,pending_research,pending,4972478298379930765,5581027151000475338,False,702021517,0,0.6607636521039241,,1.0,18.40226629659449,17.0,6.0374522752e-07,162.0,True,1,NiFe_Ni95_Fe05_T600_3vac#199,NiFe_Ni95_Fe05_T600_3vac,199,0.17077042304541667,V1NN_inplane,A1_fe_mover,OTHER,1,1,0,2.4848715677695274,1.2722247552609764,,A1_fe_mover
caeacfbcc2513f15e136cc1aa550be22e03faba21fe3b10fc5a96752c29b1fb6,pending_research,pending,4972478298379930765,5581027151000475338,False,1466825020,0,0.68694175069777,,1.0,18.2767858699482,9.0,1.21514783656e-08,123.0,True,1,NiFe_Ni95_Fe05_T800_7vac#1329,NiFe_Ni95_Fe05_T800_7vac,1329,0.17253046906906475,V1NN_inplane,A1_fe_mover,HOLLOW_FCC,1,1,0,2.487284443522028,1.3606521053718421,,A1_fe_mover
6d3144bb685ccb15588f1119bcdc84007a52d4b3ade1ca9cbe3745e643807c52,pending_research,pending,4972478298379930765,5581027151000475338,False,702021517,0,0.652437281359198,,1.0,18.23196101606817,20.0,7.488470689999999e-09,22.0,True,1,NiFe_Ni95_Fe05_T800_1vac#725,NiFe_Ni95_Fe05_T800_1vac,725,0.17428619848002205,V1NN_inplane,A1_fe_mover,OTHER,1,1,0,2.4806331965625605,1.2734838648453866,,A1_fe_mover
cabcde24b79c80c948a1a4307583e056f8bc1de99d26dc2d69d8cc3e2ade3d58,pending_research,approved,4972478298379930765,5581027151000475338,False,702021517,0,0.5652038887878564,,2.0,18.13076845244223,14.0,5.5414311533e-09,49.0,True,2,NiFe_Ni95_Fe05_T800_8vac#980,NiFe_Ni95_Fe05_T800_8vac,980,0.17603218309391822,V1NN_inplane,A1_fe_mover,OTHER,1,1,0,2.486679039386422,1.2714738199648867,,A1_fe_mover
9045390df26ffeba98b466f7c812b41c3d46c4f542ce9f78d0a407fd3c967ed1,pending_research,pending,4972478298379930765,5581027151000475338,False,702021517,0,0.656045402286509,,1.0,18.08315913456128,19.0,4.67506008e-09,21.0,True,1,NiFe_Ni95_Fe05_T800_2vac#663,NiFe_Ni95_Fe05_T800_2vac,663,0.1777735829525286,V1NN_inplane,A1_fe_mover,OTHER,1,1,0,2.487557670860017,1.266188602998435,,A1_fe_mover
3e76c6620c282a1a9bd325248b9e1bbbe350d5cd58f55f2bcdc30f21464c8f56,pending_research,pending,4972478298379930765,5581027151000475338,False,1466825020,0,0.6858041198211141,,1.0,18.05472841057349,21.0,1.21514783656e-08,123.0,True,1,NiFe_Ni95_Fe05_T800_7vac#1328,NiFe_Ni95_Fe05_T800_7vac,1328,0.1795122449455722,V1NN_inplane,A1_fe_mover,HOLLOW_FCC,1,1,0,2.486726258535214,1.3902448080258836,,A1_fe_mover
b24ac1c62ab8a3ed68661faa53caf61534d38fd6af3007d275df62f13ff3885f,pending_research,pending,4972478298379930765,5581027151000475338,False,702021517,0,0.6529444450952725,,1.0,18.052636014694112,14.0,1.7528091419e-08,49.0,True,1,NiFe_Ni95_Fe05_T700_7vac#818,NiFe_Ni95_Fe05_T700_7vac,818,0.18125070544186064,V1NN_inplane,A1_fe_mover,OTHER,1,1,0,2.4810371449060904,1.2630191464327394,,A1_fe_mover
546a253b40ff0720f0880cfa17dda3d45b04dd07a5fed071e0f07ef55bb08699,pending_research,pending,4972478298379930765,5581027151000475338,False,2417086131,0,0.8370041264024622,,1.0,17.945148408588594,21.0,6.355791611733999e-07,751.0,True,1,NiFe_Ni95_Fe05_T700_9vac#1098,NiFe_Ni95_Fe05_T700_9vac,1098,0.18297881493140955,V1NN_inplane,A1_fe_mover,HOLLOW_FCC,1,1,0,2.496464851933825,1.442704289538079,,A1_fe_mover
570f62b117ac4002e268d73258bc5daa691e29ab60b8825dcfc8f454e708d3a3,pending_research,pending,4972478298379930765,5581027151000475338,False,702021517,0,0.6562551518636612,,1.0,17.92128428270666,15.0,4.54483285e-09,18.0,True,1,NiFe_Ni95_Fe05_T800_2vac#558,NiFe_Ni95_Fe05_T800_2vac,558,0.18470462631667656,V1NN_inplane,A1_fe_mover,OTHER,1,1,0,2.4855485589123867,1.2690353721431566,,A1_fe_mover
06ac566610a66aa952546cadcd3f5df96e0752a11b85ec322493919119d0c05b,pending_research,pending,4972478298379930765,5581027151000475338,False,702021517,0,0.6743562820211083,,1.0,17.71487149146161,13.0,3.08373379e-08,15.0,True,1,NiFe_Ni95_Fe05_T700_1vac#315,NiFe_Ni95_Fe05_T700_1vac,315,0.18641056024564212,V1NN_inplane,A1_fe_mover,OTHER,1,1,0,2.480669987346606,1.2827636483401879,,A1_fe_mover
a5a66493ff1a8db11e53a0a1c5c5ef59e9238671a012d6846eed413c7beefff8,pending_research,approved,4972478298379930765,5581027151000475338,False,702021517,0,0.6541201505926189,,2.0,17.7015632639169,19.0,7.640523703e-09,36.0,True,2,NiFe_Ni95_Fe05_T700_3vac#541,NiFe_Ni95_Fe05_T700_3vac,541,0.1881152125984521,V1NN_inplane,A1_fe_mover,OTHER,1,1,0,2.4819621571925343,1.2564548617022397,,A1_fe_mover
4598c1f1cb80888db47d5aafb85a0dbd8ec2a3d34fcf7127523713b55759523f,pending_research,pending,4972478298379930765,5581027151000475338,False,702021517,0,0.6587024363470845,,1.0,17.598725374952895,17.0,2.290771037e-08,21.0,True,1,NiFe_Ni95_Fe05_T800_1vac#515,NiFe_Ni95_Fe05_T800_1vac,515,0.18980996171013206,V1NN_inplane,A1_fe_mover,OTHER,1,1,0,2.4817330809976377,1.275542275463389,,A1_fe_mover
cf234e9de15f72bb0dfb0bd147ba3f4ff4c7f3f403be2b801d092eee8da0659e,pending_research,pending,4972478298379930765,5581027151000475338,False,3031796809,0,0.5459466431429975,,1.0,17.45680781623575,21.0,2.7281214229999996e-09,27.0,True,1,NiFe_Ni95_Fe05_T800_6vac#315,NiFe_Ni95_Fe05_T800_6vac,315,0.19149104422656477,V1NN_inplane,A1_fe_mover,HOLLOW_FCC,1,1,0,2.5032999458833114,1.125512031113256,,A1_fe_mover
03e7a677a83933eaeedf8799b6f891e958e076cee50e821fb7a6075161685f01,pending_research,pending,4972478298379930765,5581027151000475338,False,702021517,0,0.638448260227051,,1.0,16.961260612809085,17.0,3.574272968999999e-09,43.0,True,1,NiFe_Ni95_Fe05_T800_8vac#745,NiFe_Ni95_Fe05_T800_8vac,745,0.19312440577656895,V1NN_inplane,A1_fe_mover,OTHER,1,1,0,2.4704766576540442,1.272424160411273,,A1_fe_mover
644d582e3dcc8d7cf941f366f0c747a680025cd62d6a6e12328a0ad478e558d2,pending_research,pending,4972478298379930765,5581027151000475338,False,702021517,0,0.6546692694537343,,1.0,16.9058200936486,8.0,1.6764983800000003e-08,9.0,True,1,NiFe_Ni95_Fe05_T700_1vac#291,NiFe_Ni95_Fe05_T700_1vac,291,0.19475242843022714,V1NN_inplane,A1_fe_mover,OTHER,1,1,0,2.484478691923521,1.280404585682135,,A1_fe_mover
aaabe71be3356b5631059147ad06fa5a4c6db322bac64f28d4246e66611d97a5,pending_research,pending,4972478298379930765,5581027151000475338,False,702021517,0,0.6532080188108013,,1.0,16.69271893641228,16.0,4.3489025e-09,19.0,True,1,NiFe_Ni95_Fe05_T800_9vac#1225,NiFe_Ni95_Fe05_T800_9vac,1225,0.19635992954103323,V1NN_inplane,A1_fe_mover,OTHER,1,1,0,2.4832990793528738,1.2859345725903721,,A1_fe_mover
f5720a2c6b667ba4747fca8e63d429800a12d45f0386bee4561bf6f50724bbc0,pending_research,pending,4972478298379930765,5581027151000475338,False,4081219197,0,0.6583355417669735,,1.0,16.690100581600973,16.0,2.7994529228000003e-08,20.0,True,1,NiFe_Ni95_Fe05_T800_1vac#516,NiFe_Ni95_Fe05_T800_1vac,516,0.19796717850548234,V1NN_inplane,A1_fe_mover,HOLLOW_FCC,1,1,0,2.4817330809976377,1.272533473904741,,A1_fe_mover
17ddbdd4c40dbcd9d64073510325e10537be9141146bdc110694899f1c65d1dc,pending_research,pending,4972478298379930765,5581027151000475338,False,702021517,0,0.6602851842426388,,1.0,16.680625286519323,13.0,2.9285344906e-08,18.0,True,1,NiFe_Ni95_Fe05_T800_1vac#557,NiFe_Ni95_Fe05_T800_1vac,557,0.19957351500339882,V1NN_inplane,A1_fe_mover,OTHER,1,1,0,2.4892972697431426,1.2917602718053778,,A1_fe_mover
cd074f69d300aaa2c162d739e70241b52bb4ab86bdfd5b8071dad26ee4db9636,pending_research,pending,4972478298379930765,5581027151000475338,False,702021517,0,0.6571802889993706,,1.0,16.67043957464596,19.0,1.9434246060000002e-08,20.0,True,1,NiFe_Ni95_Fe05_T700_2vac#541,NiFe_Ni95_Fe05_T700_2vac,541,0.2011788706219742,V1NN_inplane,A1_fe_mover,OTHER,1,1,0,2.4841224666983326,1.275834407407794,,A1_fe_mover
650e0a68ecf869d5d56685bf5411bff8c7caedf502b5af44682b1c7fd88cdd5d,pending_research,approved,4972478298379930765,5581027151000475338,False,702021517,0,0.6357166947422216,0.02,5.0,16.59169157031974,16.0,0.0065472135323507,33.0,True,5,NiFe_Ni95_Fe05_T300_10vac#167,NiFe_Ni95_Fe05_T300_10vac,167,0.2027766428441652,V1NN_inplane,A1_fe_mover,OTHER,1,1,0,2.488720350353129,1.2820033469085703,,A1_fe_mover
48235014ed7599ff69aa7bb2aac015ff34211d5242056e80a65852dc3197a433,pending_research,pending,4972478298379930765,5581027151000475338,False,2417086131,0,0.8466096268139154,,1.0,16.452172999186843,17.0,7.512332539124099e-06,614.0,True,1,NiFe_Ni95_Fe05_T600_9vac#736,NiFe_Ni95_Fe05_T600_9vac,736,0.2043609794925034,V1NN_inplane,A1_fe_mover,HOLLOW_FCC,1,1,0,2.502891518265988,1.5155032691953143,,A1_fe_mover
a4691281e662785b184b3beb4211165a0a3458e5c1e231b70d17685957e04298,pending_research,pending,4972478298379930765,5581027151000475338,False,702021517,0,0.6589362478553086,,1.0,16.303531247764564,20.0,1.765593735e-08,21.0,True,1,NiFe_Ni95_Fe05_T700_1vac#344,NiFe_Ni95_Fe05_T700_1vac,344,0.2059310020089477,V1NN_inplane,A1_fe_mover,OTHER,1,1,0,2.484657758641884,1.2753348573237182,,A1_fe_mover
912c5f602b975b26505fe28f24672fb0208604468c18ac1fe1e581aa0e92ef9f,pending_research,pending,4972478298379930765,5581027151000475338,False,702021517,0,0.643098815448866,,1.0,16.266427742848922,18.0,4.887755719000001e-09,30.0,True,1,NiFe_Ni95_Fe05_T800_7vac#1180,NiFe_Ni95_Fe05_T800_7vac,1180,0.20749745147503432,V1NN_inplane,A1_fe_mover,OTHER,1,1,0,2.472939304777949,1.2833138345521233,,A1_fe_mover
52ce824fa1617d98c5469059ac84cf7d5ab79a9aa22b843b005ef0bf3cb4c89e,pending_research,pending,4972478298379930765,5581027151000475338,False,702021517,0,0.6542667608928243,,1.0,16.258552395800987,21.0,4.048203029199999e-09,42.0,True,1,NiFe_Ni95_Fe05_T800_7vac#1217,NiFe_Ni95_Fe05_T800_7vac,1217,0.20906314254884367,V1NN_inplane,A1_fe_mover,OTHER,1,1,0,2.4657292710782484,1.279189611775732,,A1_fe_mover
87a154445d9dec83d92a41b605380fb2e916705e81d2608e9fb4cd925b2239c5,pending_research,pending,4972478298379930765,5581027151000475338,False,702021517,0,0.6476680991763716,,1.0,15.84358234983603,19.0,3.7095576878e-09,36.0,True,1,NiFe_Ni95_Fe05_T800_8vac#575,NiFe_Ni95_Fe05_T800_8vac,575,0.21058887219920963,V1NN_inplane,A1_fe_mover,OTHER,1,1,0,2.4764318807684145,1.2815386613932778,,A1_fe_mover
494bfd39f9ccb40b76a5d3c7489ee458355aaade2025722a60fc2f11250f9f5c,pending_research,pending,4972478298379930765,5581027151000475338,False,2417086131,0,0.8500940262547375,,1.0,15.777795686988124,22.0,1.192506784031e-07,184.0,True,1,NiFe_Ni95_Fe05_T800_6vac#314,NiFe_Ni95_Fe05_T800_6vac,314,0.21210826662437907,V1NN_inplane,A1_fe_mover,HOLLOW_FCC,1,1,0,2.5032999458833114,1.496607737376723,,A1_fe_mover
443f3244219d1a2c9ea7d0f8512c96f86c7741d3e7aed6541b345604ded65d09,pending_research,pending,4972478298379930765,5581027151000475338,False,1704683163,0,0.6590286934006144,,1.0,14.851213756594454,10.0,1.2596752041e-06,64.0,True,1,NiFe_Ni95_Fe05_T500_7vac#225,NiFe_Ni95_Fe05_T500_7vac,225,0.21353843163832828,V1NN_inplane,A1_fe_mover,OTHER,1,1,0,2.485315749922625,1.2865713676120258,,A1_fe_mover
06be1635656adaec9bcf5bfa4ba06110638bce382e412bd0e5c5f3f08e633b7e,pending_research,pending,4972478298379930765,5581027151000475338,False,702021517,0,0.6503750450656299,,1.0,14.71625390942726,10.0,1.2695026229e-08,17.0,True,1,NiFe_Ni95_Fe05_T700_5vac#370,NiFe_Ni95_Fe05_T700_5vac,370,0.21495560008143355,V1NN_inplane,A1_fe_mover,OTHER,1,1,0,2.481695974592588,1.272490166854348,,A1_fe_mover
3c667dd6c2f95b14e6c0d1463a6d1429e4f6fca6cb48bd5bc9124c625d644501,pending_research,pending,4972478298379930765,5581027151000475338,False,702021517,0,0.6575479343828193,,1.0,14.606006329794331,15.0,1.736871932e-08,17.0,True,1,NiFe_Ni95_Fe05_T700_2vac#290,NiFe_Ni95_Fe05_T700_2vac,290,0.2163621517336254,V1NN_inplane,A1_fe_mover,OTHER,1,1,0,2.483482735253142,1.2661169542056656,,A1_fe_mover
4e30df3846b24dfc7a49d8e3309f8e27514ca8357c2fcb0475a889b77fec725c,pending_research,approved,4972478298379930765,5581027151000475338,False,2417086131,0,0.8080022890104135,0.02,5.0,14.599336960178906,17.0,3.809788940429817,8025.0,True,5,NiFe_Ni95_Fe05_T300_8vac#64,NiFe_Ni95_Fe05_T300_8vac,64,0.21776806112860886,V1NN_inplane,A1_fe_mover,HOLLOW_FCC,1,1,0,2.486843178178567,1.4474235009599417,,A1_fe_mover
c301dd3d5a409530bdfb8d5efc5dbfaceef86b34ce88325597cce60d4e8b211a,pending_research,pending,4972478298379930765,5581027151000475338,False,702021517,0,0.649572121041274,,1.0,14.569167914578673,25.0,8.064759543099999e-08,41.0,True,1,NiFe_Ni95_Fe05_T600_8vac#756,NiFe_Ni95_Fe05_T600_8vac,756,0.2191710652584585,V1NN_inplane,A1_fe_mover,OTHER,1,1,0,2.472415504569699,1.2485945705848769,,A1_fe_mover
b567430063a1082907c010253ffba0fdd103704cc54167465e15098079f8b572,pending_research,approved,4972478298379930765,5581027151000475338,False,702021517,0,0.6497327528654314,,2.0,14.441993091306887,15.0,4.34502646345e-08,22.0,True,2,NiFe_Ni95_Fe05_T600_4vac#662,NiFe_Ni95_Fe05_T600_4vac,662,0.22056182251166362,V1NN_inplane,A1_fe_mover,OTHER,1,1,0,2.477887788448954,1.2781800253428899,,A1_fe_mover
0042da7199ff9951e34eafeb9c7a62212331d73ee161dea94c8aa422bc34ffa2,pending_research,approved,4972478298379930765,5581027151000475338,False,4081219197,0,0.5753059319023562,,2.0,14.37057672594158,17.0,4.322067740000001e-09,21.0,True,2,NiFe_Ni95_Fe05_T800_5vac#313,NiFe_Ni95_Fe05_T800_5vac,313,0.22194570240192435,V1NN_inplane,A1_fe_mover,HOLLOW_FCC,1,1,0,2.4799392210013007,1.2908837536811972,,A1_fe_mover
37739519fb710cae04a5395400566bdbbbeda6bd53982d3aaaebd66d1954b717,pending_research,pending,4972478298379930765,5581027151000475338,False,702021517,0,0.5875318564249029,,1.0,14.234241673256385,20.0,5.387994716e-09,27.0,True,1,NiFe_Ni95_Fe05_T700_7vac#852,NiFe_Ni95_Fe05_T700_7vac,852,0.22331645328968594,V1NN_inplane,A1_fe_mover,OTHER,1,1,0,2.4644741990781966,1.2656386526021293,,A1_fe_mover
1df1b287980e923fead571709066435982191416fde1ea2f6d669cf27aa6371d,pending_research,pending,4972478298379930765,5581027151000475338,False,702021517,0,0.6368104038465391,,1.0,13.5889580807569,17.0,3.869019771e-09,37.0,True,1,NiFe_Ni95_Fe05_T800_7vac#1181,NiFe_Ni95_Fe05_T800_7vac,1181,0.22462506366602583,V1NN_inplane,A1_fe_mover,OTHER,1,1,0,2.472939304777949,1.2529727350351834,,A1_fe_mover
256567b2d479d73d5e76cf8bb1f50d60f19163e1f1782fb1991fa6e349296ca4,pending_research,pending,4972478298379930765,5581027151000475338,False,702021517,0,0.6503561252975488,,1.0,13.367466692142106,7.0,3.549592418e-09,34.0,True,1,NiFe_Ni95_Fe05_T800_5vac#548,NiFe_Ni95_Fe05_T800_5vac,548,0.22591234452411355,V1NN_inplane,A1_fe_mover,OTHER,1,1,0,2.474798395402395,1.2786029382869994,,A1_fe_mover
82c0d7113c85ef1a40e5fe9247edae87a07eaef20d77b9301134965d801e87c8,pending_research,pending,4972478298379930765,5581027151000475338,False,702021517,0,0.6747572412232331,,1.0,13.32104148568467,16.0,5.4440534499999995e-09,17.0,True,1,NiFe_Ni95_Fe05_T800_1vac#279,NiFe_Ni95_Fe05_T800_1vac,279,0.22719515465629772,V1NN_inplane,A1_fe_mover,OTHER,1,1,0,2.483421833208022,1.2824939597560718,,A1_fe_mover
37f75c804c969cabbbbf4f111ca02ccdfd5c5ae2c71d0e0611f551a31d6e25c1,pending_research,pending,4972478298379930765,5581027151000475338,False,702021517,0,0.6430303384204309,,1.0,13.28293561313754,16.0,3.15606056e-09,16.0,True,1,NiFe_Ni95_Fe05_T800_1vac#280,NiFe_Ni95_Fe05_T800_1vac,280,0.22847429521058502,V1NN_inplane,A1_fe_mover,OTHER,1,1,0,2.483421833208022,1.2663612557943003,,A1_fe_mover
d8d72d9a0e94cf9e9a461d982dbc648081f2bd91aa8042f3a22c01618bfaf646,pending_research,pending,4972478298379930765,5581027151000475338,False,702021517,0,0.6192506222332669,,1.0,13.12644462146349,10.0,2.041647531e-09,38.0,True,1,NiFe_Ni95_Fe05_T800_7vac#401,NiFe_Ni95_Fe05_T800_7vac,401,0.22973836575477358,V1NN_inplane,A1_fe_mover,OTHER,1,1,0,2.4641648681545987,1.2694014218178824,,A1_fe_mover
e69b0c0b13af8372691d0fd7f2ea9a4d9ae72ff512c1d7e1b6f624f6991f9825,pending_research,pending,4972478298379930765,5581027151000475338,False,702021517,0,0.658437134423366,,1.0,13.03413947879232,10.0,1.46940686e-08,10.0,True,1,NiFe_Ni95_Fe05_T700_2vac#319,NiFe_Ni95_Fe05_T700_2vac,319,0.23099354735642724,V1NN_inplane,A1_fe_mover,OTHER,1,1,0,2.4862265284184404,1.285468765440744,,A1_fe_mover
eda1e30c05c72c6a154d6e00b9dbcc17ec3bf2ad23f011dc194a69e81acfa381,pending_research,pending,4972478298379930765,5581027151000475338,False,702021517,0,0.6625622667415881,,1.0,12.92908730168577,13.0,2.220872459e-08,16.0,True,1,NiFe_Ni95_Fe05_T800_1vac#558,NiFe_Ni95_Fe05_T800_1vac,558,0.2322386124820272,V1NN_inplane,A1_fe_mover,OTHER,1,1,0,2.4892972697431426,1.265192232747235,,A1_fe_mover
64d35842023b0560bc4bb3965018d5b6287494f229cccbe9c4e5d721c076a824,pending_research,pending,4972478298379930765,5581027151000475338,False,702021517,0,0.6589914586456872,,1.0,12.90325558909808,12.0,8.09645982e-08,12.0,True,1,NiFe_Ni95_Fe05_T600_1vac#254,NiFe_Ni95_Fe05_T600_1vac,254,0.23348119002565582,V1NN_inplane,A1_fe_mover,OTHER,1,1,0,2.483509395328155,1.2905164787966803,,A1_fe_mover
f139ab3df51527840449da98767c51f66a727ccef8e9be579b99fd3b53c621ec,pending_research,pending,4972478298379930765,5581027151000475338,False,702021517,0,0.6710450210812268,,1.0,12.727484818597024,16.0,2.06685104875e-05,145.0,True,1,NiFe_Ni95_Fe05_T500_8vac#513,NiFe_Ni95_Fe05_T500_8vac,513,0.23470684092540434,V1NN_inplane,A1_fe_mover,OTHER,1,1,0,2.475000461915354,1.274736488996547,,A1_fe_mover
39b7e5a875a1d34f800e5f98eaeae750d8ecd4282b1447d13383f8e238b8304d,pending_research,approved,4972478298379930765,5581027151000475338,False,4081219197,0,0.657772019820615,,2.0,12.721340443915494,19.0,8.110553798999999e-09,36.0,True,2,NiFe_Ni95_Fe05_T700_3vac#542,NiFe_Ni95_Fe05_T700_3vac,542,0.23593190012471363,V1NN_inplane,A1_fe_mover,HOLLOW_FCC,1,1,0,2.4819621571925343,1.2947491250602254,,A1_fe_mover
01fa4365e7554b423519b241da0e79ee8592c417e5bf84cc33a9b8ba12e5742d,pending_research,pending,4972478298379930765,5581027151000475338,False,702021517,0,0.6419042756479031,,1.0,12.43173724784876,12.0,1.118123309e-08,13.0,True,1,NiFe_Ni95_Fe05_T700_2vac#434,NiFe_Ni95_Fe05_T700_2vac,434,0.2371290706702246,V1NN_inplane,A1_fe_mover,OTHER,1,1,0,2.4749124792957105,1.2788270734894889,,A1_fe_mover
362fe72c0dd15b98d80e7b849ae2311d996320f764e7acde07a24e374bc5fc7c,pending_research,pending,4972478298379930765,5581027151000475338,False,2112806698,0,0.580903204129754,,1.0,12.042874845736597,16.0,7.2396427014999995e-09,63.0,True,1,NiFe_Ni95_Fe05_T800_7vac#786,NiFe_Ni95_Fe05_T800_7vac,786,0.2382887939463167,V1NN_inplane,A1_fe_mover,HOLLOW_FCC,1,1,0,2.4821435042464035,1.1866652876636574,,A1_fe_mover
edde35363ca4439fd1b49ac1c19053fe0fecdaae46fb7f4ef800b62e635bc46c,pending_research,pending,4972478298379930765,5581027151000475338,False,702021517,0,0.6607333763549833,,1.0,11.88185729412265,12.0,7.706006990000001e-08,13.0,True,1,NiFe_Ni95_Fe05_T600_1vac#253,NiFe_Ni95_Fe05_T600_1vac,253,0.23943301130668201,V1NN_inplane,A1_fe_mover,OTHER,1,1,0,2.483509395328155,1.2618125622411656,,A1_fe_mover
726d14e1de87fba36b320ca47bbf2f8861fee2da0390e19bcc3795580adb8491,pending_research,pending,4972478298379930765,5581027151000475338,False,2269590770,0,0.5986359286553126,,1.0,11.6445845590611,5.0,1.2341015000000002e-09,6.0,True,1,NiFe_Ni95_Fe05_T800_6vac#1808,NiFe_Ni95_Fe05_T800_6vac,1808,0.24055437941243346,V1NN_inplane,A1_fe_mover,HOLLOW_FCC,1,1,0,2.405861960631959,1.224674963345287,,A1_fe_mover
067cf4e1e5aeafe0eb5b7afc976cfc574e8a07e06d57c053dea9317c6287b6de,pending_research,pending,4972478298379930765,5581027151000475338,False,1704683163,0,0.6583958482451636,,1.0,11.498751389890709,12.0,3.115016611e-09,39.0,True,1,NiFe_Ni95_Fe05_T800_10vac#400,NiFe_Ni95_Fe05_T800_10vac,400,0.24166170385146254,V1NN_inplane,A1_fe_mover,OTHER,1,1,0,2.484451176849241,1.2863302303222777,,A1_fe_mover
bbc9e5ce26f41b0c0be78754da3637b7a431db3143aab982296cb912650fbd47,pending_research,pending,4972478298379930765,5581027151000475338,False,702021517,0,0.6530373182495169,,1.0,11.206654341574495,13.0,2.857406399e-09,15.0,True,1,NiFe_Ni95_Fe05_T800_9vac#1039,NiFe_Ni95_Fe05_T800_9vac,1039,0.24274089947987543,V1NN_inplane,A1_fe_mover,OTHER,1,1,0,2.468927764828304,1.265752467067994,,A1_fe_mover
b3b726ff3b998307b9eb35998c508ef0086d2c8ccefcd35b907248cc4d80924e,pending_research,pending,4972478298379930765,5581027151000475338,False,2417086131,0,0.8586823201676453,,1.0,10.74641169011734,8.0,8.8878959068e-08,30.0,True,1,NiFe_Ni95_Fe05_T800_6vac#1444,NiFe_Ni95_Fe05_T800_6vac,1444,0.24377577395388103,V1NN_inplane,A1_fe_mover,HOLLOW_FCC,1,1,0,2.509638901530548,1.508193113708171,,A1_fe_mover
46d292738ecda198035cb3a1d69ec2f7243d2ef3bbed784488c21ee5de994372,pending_research,pending,4972478298379930765,5581027151000475338,False,702021517,0,0.6426309914340892,,1.0,10.73276439685858,3.0,1.82942838e-09,3.0,True,1,NiFe_Ni95_Fe05_T800_6vac#1601,NiFe_Ni95_Fe05_T800_6vac,1601,0.24480933419985967,V1NN_inplane,A1_fe_mover,OTHER,1,1,0,2.4620596852223535,1.2834255552601685,,A1_fe_mover
673a77ccdb107eed840425f27f1b7bb2bba1d0792ed14c2aff3a9b9e269f918c,pending_research,pending,4972478298379930765,5581027151000475338,False,2417086131,0,0.8510832096108062,,1.0,10.71502886846984,9.0,9.246121506e-08,318.0,True,1,NiFe_Ni95_Fe05_T800_9vac#883,NiFe_Ni95_Fe05_T800_9vac,883,0.24584118652265968,V1NN_inplane,A1_fe_mover,HOLLOW_FCC,1,1,0,2.5059751399103223,1.4841939949779657,,A1_fe_mover
9ed34ebd3ff9f7bb0cbe8cb9e738f51eb0c7ee8cd305f4fb9bc830133c008cc3,pending_research,pending,4972478298379930765,5581027151000475338,False,763551740,0,0.6567201066864071,,1.0,10.59306496909914,13.0,7.193170149999999e-09,15.0,True,1,NiFe_Ni95_Fe05_T800_9vac#1085,NiFe_Ni95_Fe05_T800_9vac,1085,0.24686129377837604,V1NN_inplane,A1_fe_mover,HOLLOW_FCC,1,1,0,2.469665392910397,1.2797532016381703,,A1_fe_mover
48bbd4cab7cc769fc836ddf841bfc6d043f91435d21df3eb3e4c17a5e1f0a857,pending_research,pending,4972478298379930765,5581027151000475338,False,1466825020,0,0.6835077194473341,,1.0,10.330680754857376,17.0,1.9114893201000004e-08,110.0,True,1,NiFe_Ni95_Fe05_T800_7vac#785,NiFe_Ni95_Fe05_T800_7vac,785,0.24785613355565114,V1NN_inplane,A1_fe_mover,HOLLOW_FCC,1,1,0,2.4821435042464035,1.3843899684237853,,A1_fe_mover
b70e20f8a8b4ea574c9775e638efadd92c8f43bf38f102424b9eb4274438fc42,pending_research,approved,4972478298379930765,5581027151000475338,False,702021517,0,0.5913414385624058,,2.0,10.286767960080615,10.0,1.523785005e-07,16.0,True,2,NiFe_Ni95_Fe05_T600_1vac#155,NiFe_Ni95_Fe05_T600_1vac,155,0.24884674455110517,V1NN_inplane,A1_fe_mover,OTHER,1,1,0,2.484264340614071,1.2670722807064052,,A1_fe_mover
ec52ae67f3297ced2d52072667360a5b56c9fd2229488a6290eceee1b481bc07,pending_research,pending,4972478298379930765,5581027151000475338,False,702021517,0,0.6501814266248404,,1.0,10.10132597757332,10.0,9.264989329999998e-09,17.0,True,1,NiFe_Ni95_Fe05_T700_5vac#371,NiFe_Ni95_Fe05_T700_5vac,371,0.24981949756943722,V1NN_inplane,A1_fe_mover,OTHER,1,1,0,2.481695974592588,1.2769438226815661,,A1_fe_mover
51aebfa690724eb825d9ed9d518fb3de30f2192e0e84f3208904041386451662,pending_research,pending,4972478298379930765,5581027151000475338,False,702021517,0,0.6519119424920065,,1.0,10.06489171529896,14.0,9.41377807e-09,38.0,True,1,NiFe_Ni95_Fe05_T700_7vac#830,NiFe_Ni95_Fe05_T700_7vac,830,0.2507887419851683,V1NN_inplane,A1_fe_mover,OTHER,1,1,0,2.478472002861546,1.2654190712591402,,A1_fe_mover
0caca7011b59e3151b3ee81823dd0ce4e3932e73ced4c00a0d0c4c2b4a4c0533,pending_research,pending,4972478298379930765,5581027151000475338,False,4081219197,0,0.6568306237149956,,1.0,10.038087087914343,9.0,1.1418425150000002e-08,11.0,True,1,NiFe_Ni95_Fe05_T700_2vac#320,NiFe_Ni95_Fe05_T700_2vac,320,0.25175540512768324,V1NN_inplane,A1_fe_mover,HOLLOW_FCC,1,1,0,2.4862265284184404,1.2730525952576786,,A1_fe_mover
b21eefe803051252a5f977071024b8ffeb8ca6cfe21b896ae321116b4a359e30,pending_research,pending,4972478298379930765,5581027151000475338,False,4081219197,0,0.6270096311154704,,1.0,10.023232513509049,9.0,2.280851595e-09,10.0,True,1,NiFe_Ni95_Fe05_T800_6vac#452,NiFe_Ni95_Fe05_T800_6vac,452,0.2527206377815553,V1NN_inplane,A1_fe_mover,HOLLOW_FCC,1,1,0,2.4673457937570604,1.2654099459681933,,A1_fe_mover
7c98dafdb1ba2e86379aa21c2b530faf3c7d81a3fc76704c54c9766a95570baa,pending_research,pending,4972478298379930765,5581027151000475338,False,702021517,0,0.6710250148025808,,1.0,9.40973779306858,5.0,1.6263321799999998e-08,6.0,True,1,NiFe_Ni95_Fe05_T700_1vac#230,NiFe_Ni95_Fe05_T700_1vac,230,0.25362679117767795,V1NN_inplane,A1_fe_mover,OTHER,1,1,0,2.4751252606944383,1.2629916392371006,,A1_fe_mover
0d52969dd8f6fca73d248a6221cff1729307dc5acc1c13db4f397e52dbff0d94,pending_research,pending,4972478298379930765,5581027151000475338,False,702021517,0,0.6554730621355702,,1.0,9.289623455422657,9.0,5.8228834409999997e-08,25.0,True,1,NiFe_Ni95_Fe05_T600_8vac#255,NiFe_Ni95_Fe05_T600_8vac,255,0.25452137761865545,V1NN_inplane,A1_fe_mover,OTHER,1,1,0,2.485562032210055,1.2815483181533651,,A1_fe_mover
d35fca55b44022e3c530f751cfc66547d52a3c61576c9ebe9b3918ebf00fad73,pending_research,pending,4972478298379930765,5581027151000475338,False,2112806698,0,0.5831373349928982,,1.0,9.08570344586644,9.0,1.665183985e-09,28.0,True,1,NiFe_Ni95_Fe05_T800_7vac#1330,NiFe_Ni95_Fe05_T800_7vac,1330,0.2553963266570548,V1NN_inplane,A1_fe_mover,HOLLOW_FCC,1,1,0,2.487284443522028,1.2116997126642226,,A1_fe_mover
ea7e7183708e1d04459dddadd1ca70913790a1825c994eabfc77de62273297d6,pending_research,pending,4972478298379930765,5581027151000475338,False,702021517,0,0.6481980926155303,,1.0,8.94155871194235,8.0,5.119818750000001e-08,23.0,True,1,NiFe_Ni95_Fe05_T600_5vac#356,NiFe_Ni95_Fe05_T600_5vac,356,0.2562573946242649,V1NN_inplane,A1_fe_mover,OTHER,1,1,0,2.474665382845521,1.2780058448926777,,A1_fe_mover
225b7a579c425aac499e20e7ce674fc890dbfaa4207b2a8bd9eb3ea7426fc335,pending_research,pending,4972478298379930765,5581027151000475338,False,702021517,0,0.657897006138228,,1.0,8.790697101570458,6.0,9.272453556000001e-09,19.0,True,1,NiFe_Ni95_Fe05_T700_3vac#587,NiFe_Ni95_Fe05_T700_3vac,587,0.2571039346881912,V1NN_inplane,A1_fe_mover,OTHER,1,1,0,2.4870541861460076,1.2781328803683676,,A1_fe_mover
43ef3db7f925506f0d16e6919f94b06d3305361c3074d5d87c56b9620df9309d,pending_research,pending,4972478298379930765,5581027151000475338,False,702021517,0,0.5839248446718559,,1.0,8.674399053920784,9.0,9.16789616e-10,14.0,True,1,NiFe_Ni95_Fe05_T800_7vac#402,NiFe_Ni95_Fe05_T800_7vac,402,0.25793927530393335,V1NN_inplane,A1_fe_mover,OTHER,1,1,0,2.4641648681545987,1.263443506455768,,A1_fe_mover
0aa6466c864e2f4e37b4c6210795c0e5ab0929e93e03e0dd1b6cfa989f02e3c3,pending_research,pending,4972478298379930765,5581027151000475338,False,4081219197,0,0.6435061646434405,,1.0,8.59632582597238,6.0,2.98189246e-09,9.0,True,1,NiFe_Ni95_Fe05_T800_9vac#1202,NiFe_Ni95_Fe05_T800_9vac,1202,0.2587670975039441,V1NN_inplane,A1_fe_mover,HOLLOW_FCC,1,1,0,2.4692260328969664,1.2647476420488748,,A1_fe_mover
e6ef5228fd42b4071df81877a320830a3a55141b3387345a00ec493a88ef4457,pending_research,pending,4972478298379930765,5581027151000475338,False,2417086131,0,0.8541656035131383,,1.0,8.5144739472692,10.0,6.611344801922e-08,366.0,True,1,NiFe_Ni95_Fe05_T800_10vac#1047,NiFe_Ni95_Fe05_T800_10vac,1047,0.25958703740590394,V1NN_inplane,A1_fe_mover,HOLLOW_FCC,1,1,0,2.509429634644691,1.4863082867402053,,A1_fe_mover
9682607a9ee27d679a30acdb41f1016251404bb9989350fcec4f40df251134db,pending_research,pending,4972478298379930765,5581027151000475338,False,702021517,0,0.6711035439993794,,1.0,8.38770810611534,11.0,1.3979976199999996e-08,12.0,True,1,NiFe_Ni95_Fe05_T700_2vac#435,NiFe_Ni95_Fe05_T700_2vac,435,0.260394769816008,V1NN_inplane,A1_fe_mover,OTHER,1,1,0,2.4749124792957105,1.2624231796912133,,A1_fe_mover
300968e350130c3d040d3563a96fd6c1cf8be9f180b070a10b5744f85aab6bcb,pending_research,pending,4972478298379930765,5581027151000475338,False,3031796809,0,0.5462511512050697,,1.0,8.330555088034806,9.0,1.2415937919e-09,18.0,True,1,NiFe_Ni95_Fe05_T800_10vac#1048,NiFe_Ni95_Fe05_T800_10vac,1048,0.26119699841691235,V1NN_inplane,A1_fe_mover,HOLLOW_FCC,1,1,0,2.509429634644691,1.1439939109863613,,A1_fe_mover
b6b53b0b126a98251dd30454534f7be6bf0a1412b0cba0882e90f1714acce1af,pending_research,pending,4972478298379930765,5581027151000475338,False,2112806698,0,0.5804994594682286,,1.0,8.16030659120669,4.0,1.56964906e-09,6.0,True,1,NiFe_Ni95_Fe05_T800_7vac#756,NiFe_Ni95_Fe05_T800_7vac,756,0.26198283216633644,V1NN_inplane,A1_fe_mover,HOLLOW_FCC,1,1,0,2.482649259865675,1.1986799396488779,,A1_fe_mover
b4944f604476f9d01f392a6774d489fc08b57e70d1057be9b410668fecc68d5b,pending_research,pending,4972478298379930765,5581027151000475338,False,702021517,0,0.6585879261756419,,1.0,8.15998429246816,10.0,3.06242077e-09,13.0,True,1,NiFe_Ni95_Fe05_T800_6vac#451,NiFe_Ni95_Fe05_T800_6vac,451,0.26276863487854113,V1NN_inplane,A1_fe_mover,OTHER,1,1,0,2.4673457937570604,1.2725941830669787,,A1_fe_mover
fcfba106c04f4249f788e0422807beeed25370e1e82b9c9f37efafa348face83,pending_research,pending,4972478298379930765,5581027151000475338,False,702021517,0,0.6556909437995274,,1.0,8.13859122432109,9.0,5.0862846300000006e-08,26.0,True,1,NiFe_Ni95_Fe05_T600_8vac#256,NiFe_Ni95_Fe05_T600_8vac,256,0.2635523774481806,V1NN_inplane,A1_fe_mover,OTHER,1,1,0,2.485562032210055,1.2750295021032831,,A1_fe_mover
e6ba7ce8332e193710e981485b8dc48dba40f1f9e1dd54978a5425848ee0fa83,pending_research,pending,4972478298379930765,5581027151000475338,False,3031796809,0,0.5479834145462519,,1.0,8.04722166581829,7.0,1.2154547e-09,8.0,True,1,NiFe_Ni95_Fe05_T800_6vac#1445,NiFe_Ni95_Fe05_T800_6vac,1445,0.2643273211716077,V1NN_inplane,A1_fe_mover,HOLLOW_FCC,1,1,0,2.509638901530548,1.1200530867018892,,A1_fe_mover
c4350070b96ab77cdb7a020f798883b985e8f150640230f347bd0194ec27653d,pending_research,pending,4972478298379930765,5581027151000475338,False,702021517,0,0.6568185502474079,,1.0,7.912221968654904,8.0,1.0749483393e-08,28.0,True,1,NiFe_Ni95_Fe05_T800_3vac#323,NiFe_Ni95_Fe05_T800_3vac,323,0.2650892644866547,V1NN_inplane,A1_fe_mover,OTHER,1,1,0,2.4822291701725963,1.281552939393264,,A1_fe_mover
15314acfc4bb57d6482b14205e02b94fe521416a353ba88cc2b7c917db460321,pending_research,pending,4972478298379930765,5581027151000475338,False,3031796809,0,0.5436198423649331,,1.0,7.784027978749392,9.0,1.119613644e-09,11.0,True,1,NiFe_Ni95_Fe05_T800_9vac#882,NiFe_Ni95_Fe05_T800_9vac,882,0.2658388627797818,V1NN_inplane,A1_fe_mover,HOLLOW_FCC,1,1,0,2.5059751399103223,1.1406227062203835,,A1_fe_mover
03c48574dba1ee8b03ba81d52ccebbb4d8d47d4269a3ab50fc049ebd19a52d0d,pending_research,pending,4972478298379930765,5581027151000475338,False,702021517,0,0.6489662165131448,,1.0,7.687259527503721,8.0,1.143159208e-08,11.0,True,1,NiFe_Ni95_Fe05_T700_1vac#183,NiFe_Ni95_Fe05_T700_1vac,183,0.2665791423158232,V1NN_inplane,A1_fe_mover,OTHER,1,1,0,2.47615575168055,1.2582630415187421,,A1_fe_mover
ca1a9f0bdbe8cfd108e7ec7ceea7100b064fb899b8c56558b30d1b4d0424e2f3,pending_research,pending,4972478298379930765,5581027151000475338,False,4081219197,0,0.6700491467363464,,1.0,7.62793547765302,5.0,2.243919821e-09,23.0,True,1,NiFe_Ni95_Fe05_T800_7vac#1447,NiFe_Ni95_Fe05_T800_7vac,1447,0.2673137089733098,V1NN_inplane,A1_fe_mover,HOLLOW_FCC,1,1,0,2.4554863361085952,1.2651458189680707,,A1_fe_mover
3af57ea87566946cf825511df8c2ab0392fe5a65864823f18f41a8b200adbea3,pending_research,pending,4972478298379930765,5581027151000475338,False,702021517,0,0.6499519718008743,,1.0,7.6206813796342,6.0,7.666746499999999e-09,6.0,True,1,NiFe_Ni95_Fe05_T700_1vac#210,NiFe_Ni95_Fe05_T700_1vac,210,0.2680475770645133,V1NN_inplane,A1_fe_mover,OTHER,1,1,0,2.4741922465045576,1.2855449335172227,,A1_fe_mover
3678469a338dec1afe6d46bc866c3702ec7552ed3dd4ebc2c361a52d03363d14,pending_research,pending,4972478298379930765,5581027151000475338,False,702021517,0,0.6543835922539075,,1.0,7.61761303857058,6.0,8.4901688e-09,9.0,True,1,NiFe_Ni95_Fe05_T700_2vac#514,NiFe_Ni95_Fe05_T700_2vac,514,0.26878114967589195,V1NN_inplane,A1_fe_mover,OTHER,1,1,0,2.481775254281677,1.2800265263355488,,A1_fe_mover
f49c91ccbf84b276539a2484ec2d7a852e2dd16eba724733c803fc86010e7a4f,pending_research,pending,4972478298379930765,5581027151000475338,False,2449922983,0,0.6321211192498597,,1.0,7.60061770660757,6.0,1.32018711e-09,12.0,True,1,NiFe_Ni95_Fe05_T800_6vac#1705,NiFe_Ni95_Fe05_T800_6vac,1705,0.2695130856446653,V1NN_inplane,A1_fe_mover,OTHER,1,1,0,2.419727683039602,1.242280361731405,,A1_fe_mover
d68db0902c2dd414da86b1f60310480de453e258eef45a236a6d43b4fad404ad,pending_research,pending,4972478298379930765,5581027151000475338,False,702021517,0,0.6523802646033802,,1.0,7.562441887617819,10.0,1.9582113869999998e-09,27.0,True,1,NiFe_Ni95_Fe05_T800_7vac#1399,NiFe_Ni95_Fe05_T800_7vac,1399,0.2702413452997317,V1NN_inplane,A1_fe_mover,OTHER,1,1,0,2.4751498468227937,1.2715992124766657,,A1_fe_mover
634d8e1d319ec47f50271ddad998b588ec528f5d26507316f3c635a87e663fcb,pending_research,pending,4972478298379930765,5581027151000475338,False,702021517,0,0.6567350999721385,,1.0,7.44468328630473,8.0,7.5968306e-09,8.0,True,1,NiFe_Ni95_Fe05_T700_1vac#292,NiFe_Ni95_Fe05_T700_1vac,292,0.27095826485597185,V1NN_inplane,A1_fe_mover,OTHER,1,1,0,2.484478691923521,1.2731371258767912,,A1_fe_mover
694f5360a5b0a93eca61822f466cb29c02e8f27f25da5812eef1bd83157e36c6,pending_research,pending,4972478298379930765,5581027151000475338,False,702021517,0,0.6507411276579659,,1.0,7.30275869306925,8.0,1.8718103945e-07,8.0,True,1,NiFe_Ni95_Fe05_T700_1vac#184,NiFe_Ni95_Fe05_T700_1vac,184,0.27166151713954384,V1NN_inplane,A1_fe_mover,OTHER,1,1,0,2.47615575168055,1.2866155626315665,,A1_fe_mover
4d271b8fd8da9ca45906948170accb2c1bfa772555f91169f3a47716c9ec8e0e,pending_research,pending,4972478298379930765,5581027151000475338,False,2417086131,0,0.8516340218748153,,1.0,7.270631723872986,5.0,5.52023155786e-08,49.0,True,1,NiFe_Ni95_Fe05_T800_6vac#1641,NiFe_Ni95_Fe05_T800_6vac,1641,0.2723616756108456,V1NN_inplane,A1_fe_mover,HOLLOW_FCC,1,1,0,2.5056972383980045,1.4974937382187534,,A1_fe_mover
2778f803412d379a3883dcc64ddfdc3d5a06e43245c3c075f28718d2b90d4b9c,pending_research,pending,4972478298379930765,5581027151000475338,False,702021517,0,0.659032313802527,,1.0,7.2521652094588,2.0,4.8325729e-08,4.0,True,1,NiFe_Ni95_Fe05_T600_1vac#237,NiFe_Ni95_Fe05_T600_1vac,237,0.27306005576535264,V1NN_inplane,A1_fe_mover,OTHER,1,1,0,2.4653723016982303,1.2683647290372382,,A1_fe_mover
f64c0cf6f4bf6163e227d09e400217c18ac5abadb4fe69df5587e1c90a934688,pending_research,pending,4972478298379930765,5581027151000475338,False,702021517,0,0.6688364768442626,,1.0,7.16336385736135,5.0,2.44729445e-09,5.0,True,1,NiFe_Ni95_Fe05_T800_1vac#165,NiFe_Ni95_Fe05_T800_1vac,165,0.27374988439073605,V1NN_inplane,A1_fe_mover,OTHER,1,1,0,2.460788502998948,1.2607810569352966,,A1_fe_mover
0301a0a42d5b76e7defb57dcde32875727af1bea98f31e7e68acd8a13daba8e8,pending_research,pending,4972478298379930765,5581027151000475338,False,702021517,0,0.6482257993284294,,1.0,7.09094400289848,6.0,6.69948442e-09,9.0,True,1,NiFe_Ni95_Fe05_T700_1vac#209,NiFe_Ni95_Fe05_T700_1vac,209,0.2744327390176392,V1NN_inplane,A1_fe_mover,OTHER,1,1,0,2.4741922465045576,1.2572524809445413,,A1_fe_mover
42bf8bfd5eb1bfa65566f7047f95a50ae02fdea1e2bfcb4b981b00d6667b72fd,pending_research,pending,4972478298379930765,5581027151000475338,False,702021517,0,0.6808738485142384,,1.0,7.0713362129891,5.0,2.274715762e-06,6.0,True,1,NiFe_Ni95_Fe05_T600_1vac#186,NiFe_Ni95_Fe05_T600_1vac,186,0.2751137054234455,V1NN_inplane,A1_fe_mover,OTHER,1,1,0,2.4607885939761815,1.262040654612918,,A1_fe_mover
6dbf7a2718fa5acafb7df6befaece50a1353fababd4d25f924fae794cf7f447c,pending_research,pending,4972478298379930765,5581027151000475338,False,702021517,0,0.6441905811134347,,1.0,7.019249880127096,13.0,7.301056182e-09,13.0,True,1,NiFe_Ni95_Fe05_T700_1vac#316,NiFe_Ni95_Fe05_T700_1vac,316,0.27578965593949456,V1NN_inplane,A1_fe_mover,OTHER,1,1,0,2.480669987346606,1.265194869095864,,A1_fe_mover
00218a953745fef6a30e4974a76a433a6ea5cc96635693631e5a650c145f7075,pending_research,pending,4972478298379930765,5581027151000475338,False,702021517,0,0.6676077438587525,,1.0,7.01065472429777,6.0,3.15760009e-07,12.0,True,1,NiFe_Ni95_Fe05_T600_2vac#411,NiFe_Ni95_Fe05_T600_2vac,411,0.2764647787460137,V1NN_inplane,A1_fe_mover,OTHER,1,1,0,2.4715971848705487,1.2570429823107887,,A1_fe_mover
d09a4103cf646913101a643da83abff2d914e1187d9533675efd357aa52eecd9,pending_research,pending,4972478298379930765,5581027151000475338,False,4081219197,0,0.6480842304808901,,1.0,7.006576196445581,3.0,2.9702787299999997e-09,5.0,True,1,NiFe_Ni95_Fe05_T800_1vac#797,NiFe_Ni95_Fe05_T800_1vac,797,0.2771395087921877,V1NN_inplane,A1_fe_mover,HOLLOW_FCC,1,1,0,2.4782283206121702,1.2736534512045996,,A1_fe_mover
dfa25b5c12b53fc6dd9775fbb6ff22709ec57ed9b7a072d9bcaba7848d8e84ba,pending_research,pending,4972478298379930765,5581027151000475338,False,1704683163,0,0.6368620123039365,,1.0,6.94279515002012,7.0,7.2911478e-09,10.0,True,1,NiFe_Ni95_Fe05_T700_7vac#488,NiFe_Ni95_Fe05_T700_7vac,488,0.2778080967530987,V1NN_inplane,A1_fe_mover,OTHER,1,1,0,2.4807294791272634,1.2744150867302924,,A1_fe_mover
899c012b35662caf38141eaf6745d6f86afb0cc652eef108a07b2c55d8a30f6a,pending_research,pending,4972478298379930765,5581027151000475338,False,702021517,0,0.6710104515041168,,1.0,6.918067017072993,5.0,2.084770092e-09,9.0,True,1,NiFe_Ni95_Fe05_T800_6vac#1737,NiFe_Ni95_Fe05_T800_6vac,1737,0.2784743034062472,V1NN_inplane,A1_fe_mover,OTHER,1,1,0,2.458772828402568,1.2568647544588658,,A1_fe_mover
5b684197229f614045d9ee33d9e842803b9b22f2ada135918e02bfba6e180a8f,pending_research,pending,4972478298379930765,5581027151000475338,False,702021517,0,0.6350259750506666,,1.0,6.9075285137614895,16.0,1.332978447e-06,16.0,True,1,NiFe_Ni95_Fe05_T500_8vac#514,NiFe_Ni95_Fe05_T500_8vac,514,0.27913949520640235,V1NN_inplane,A1_fe_mover,OTHER,1,1,0,2.475000461915354,1.2677672067975216,,A1_fe_mover
ac31b9c6aafd92ea6d21d3808fcb83016f7d0b1cf6d7429271caaba1c63daeac,pending_research,pending,4972478298379930765,5581027151000475338,False,702021517,0,0.6744744622656073,,1.0,6.872815069796998,3.0,2.084770092e-09,9.0,True,1,NiFe_Ni95_Fe05_T800_6vac#1763,NiFe_Ni95_Fe05_T800_6vac,1763,0.2798013441179637,V1NN_inplane,A1_fe_mover,OTHER,1,1,0,2.458296264033419,1.2694793967047726,,A1_fe_mover
013498a6f45c6e7ea3b960b69a448db1ac63df0e6f6e6facada45c285416290a,pending_research,pending,4972478298379930765,5581027151000475338,False,702021517,0,0.6431736036947769,,1.0,6.79973082964622,5.0,1.45581714e-09,6.0,True,1,NiFe_Ni95_Fe05_T800_6vac#2015,NiFe_Ni95_Fe05_T800_6vac,2015,0.2804561550510104,V1NN_inplane,A1_fe_mover,OTHER,1,1,0,2.4585755139055734,1.2743862364793952,,A1_fe_mover
7b615287541da612e0f333e1fbb3dc9058b0ce47708f3a88f7f4c19b78458236,pending_research,pending,4972478298379930765,5581027151000475338,False,702021517,0,0.6792537993924271,,1.0,6.77147360050378,3.0,1.08906844e-08,4.0,True,1,NiFe_Ni95_Fe05_T700_2vac#388,NiFe_Ni95_Fe05_T700_2vac,388,0.28110824482596375,V1NN_inplane,A1_fe_mover,OTHER,1,1,0,2.4595376578387484,1.2617988221307808,,A1_fe_mover
3e11ff24b3056913914ed2d92bc9ffb4b428d88b3a67f19a7497d7ab7e3363be,pending_research,pending,4972478298379930765,5581027151000475338,False,702021517,0,0.6554155820631421,,1.0,6.7149630773307125,8.0,1.5984072992e-08,50.0,True,1,NiFe_Ni95_Fe05_T800_3vac#322,NiFe_Ni95_Fe05_T800_3vac,322,0.28175489266367965,V1NN_inplane,A1_fe_mover,OTHER,1,1,0,2.4822291701725963,1.2680945077370562,,A1_fe_mover
e55a2107498920c39235aa0d329ab15d18288aa2fc912e3325a49aba081dd266,pending_research,pending,4972478298379930765,5581027151000475338,False,4081219197,0,0.6599765530563674,,1.0,6.67765378270034,6.0,1.82112171e-09,6.0,True,1,NiFe_Ni95_Fe05_T800_1vac#878,NiFe_Ni95_Fe05_T800_1vac,878,0.2823979476335836,V1NN_inplane,A1_fe_mover,HOLLOW_FCC,1,1,0,2.4856544624627555,1.2832445101776284,,A1_fe_mover
e81dde21da8adf16354589331a7f9a0734ac148eb8057ac58088bec991f172b9,pending_research,pending,4972478298379930765,5581027151000475338,False,2449922983,0,0.6336892460694797,,1.0,6.636671904159599,0.0,1.6947553e-09,3.0,True,1,NiFe_Ni95_Fe05_T800_6vac#358,NiFe_Ni95_Fe05_T800_6vac,358,0.28303705606754404,V1NN_inplane,A1_fe_mover,OTHER,1,1,0,2.4513368729542253,1.289209665975806,,A1_fe_mover
53057b13200dbbe8c537f4003ae514b67c4cfebd6ca24df937e5331083d5cf74,pending_research,pending,4972478298379930765,5581027151000475338,False,702021517,0,0.6546181703124604,,1.0,6.6328040689087,4.0,1.727724e-09,5.0,True,1,NiFe_Ni95_Fe05_T800_2vac#589,NiFe_Ni95_Fe05_T800_2vac,589,0.28367579203075927,V1NN_inplane,A1_fe_mover,OTHER,1,1,0,2.4586751159421136,1.2685678685395538,,A1_fe_mover
a214e0ce66336dc0960e4733b3d39cb7c7c1d8bea6bd289cb3f34390f58205ae,pending_research,pending,4972478298379930765,5581027151000475338,False,3031796809,0,0.5484391139370928,,1.0,6.44005509479605,5.0,9.9382544e-10,8.0,True,1,NiFe_Ni95_Fe05_T800_10vac#625,NiFe_Ni95_Fe05_T800_10vac,625,0.2842959663569414,V1NN_inplane,A1_fe_mover,HOLLOW_FCC,1,1,0,2.5014077207607883,1.104841081590012,,A1_fe_mover
0ecb2a3a28549c0bdf8ba180516e9234df9b649e55fe7b26580278a40a28116b,pending_research,pending,4972478298379930765,5581027151000475338,False,702021517,0,0.6729289799122854,,1.0,6.43474729659248,4.0,2.7817867099999998e-09,5.0,True,1,NiFe_Ni95_Fe05_T800_1vac#166,NiFe_Ni95_Fe05_T800_1vac,166,0.28491562954461214,V1NN_inplane,A1_fe_mover,OTHER,1,1,0,2.460788502998948,1.2720620808585943,,A1_fe_mover
4f257c0b34eb3125b897bc13f61f1dc1b9cad510394e04531f23c9b9276e9176,pending_research,pending,4972478298379930765,5581027151000475338,False,702021517,0,0.6549376249040504,,1.0,6.4303122834934365,5.0,7.19570268e-09,10.0,True,1,NiFe_Ni95_Fe05_T800_2vac#511,NiFe_Ni95_Fe05_T800_2vac,511,0.28553486564257324,V1NN_inplane,A1_fe_mover,OTHER,1,1,0,2.477230365378973,1.2588728612003752,,A1_fe_mover
a0352397e69c2b9c8203f9f890fa61502e0e659e1056b9a51acda1249f293852,pending_research,pending,4972478298379930765,5581027151000475338,False,2690314080,0,0.6613697150160079,,1.0,6.3254370877210775,6.0,6.5900881699999994e-09,10.0,True,1,NiFe_Ni95_Fe05_T700_7vac#1191,NiFe_Ni95_Fe05_T700_7vac,1191,0.2861440023077013,V1NN_inplane,A1_fe_mover,OTHER,1,1,0,2.417045663274474,1.2844386658351283,,A1_fe_mover
0ff4944de63adcf6a86acd0d83bda72978a822cf0bf21750f4617dcb0d9dab0d,pending_research,approved,4972478298379930765,6698383570156747695,False,4081219197,0,0.7711566409255951,0.02,27.0,34.561915293759135,31.0,0.75526028640685,12776.0,True,27,NiFe_Ni95_Fe05_T300_3vac#52,NiFe_Ni95_Fe05_T300_3vac,52,0.2894722987606604,V1NN_inplane,A2_fe_ctx_1nn,HOLLOW_FCC,1,1,0,2.4695598667657794,1.1602226352756182,,A2_fe_ctx_1nn
bcc44304d1f7ed5e754be26319d51331eb76efe32318d2ded527f8413075be08,pending_research,approved,4972478298379930765,6698383570156747695,False,2969462515,0,0.7645676539165557,0.02,7.0,22.341124508535803,19.0,7.103490676713902e-07,790.0,True,7,NiFe_Ni95_Fe05_T600_3vac#80,NiFe_Ni95_Fe05_T600_3vac,80,0.2916237387148664,V1NN_inplane,A2_fe_ctx_1nn,OTHER,1,1,0,2.4848439473811554,1.535495242702549,,A2_fe_ctx_1nn
769b02e1e0732b5edc9bff29eb4da060674b81dd75871c24f21a4cd9c6788c84,pending_research,approved,4972478298379930765,6698383570156747695,False,4081219197,0,0.7000376322768258,,2.0,20.666691934,13.0,2.952384562e-07,13.0,True,2,NiFe_Ni95_Fe05_T700_1vac#170,NiFe_Ni95_Fe05_T700_1vac,170,0.2936139315868092,V1NN_inplane,A2_fe_ctx_1nn,HOLLOW_FCC,1,1,0,2.497584871739503,1.3546331790395332,,A2_fe_ctx_1nn
6537670031f35effa04bacaffd1eaeb5ffd345585e57bc22d9780ef621a5bded,pending_research,approved,4972478298379930765,6698383570156747695,False,185589497,0,0.7483498851937838,0.02,9.0,19.65954852981495,10.0,2.829234506905e-07,353.0,True,9,NiFe_Ni95_Fe05_T600_10vac#588,NiFe_Ni95_Fe05_T600_10vac,588,0.2955071370148769,V1NN_inplane,A2_fe_ctx_1nn,HOLLOW_FCC,1,1,0,2.5080456769964794,1.133454656042781,,A2_fe_ctx_1nn
8440750c250ee9c2e21749450d5b37d2e2fc7fe36e7c557cb511a775e2fdbdb3,pending_research,pending,4972478298379930765,6698383570156747695,False,3688026399,0,0.4789918788565047,,1.0,19.16200184461179,16.0,1.688146913e-09,18.0,True,1,NiFe_Ni95_Fe05_T800_8vac#1330,NiFe_Ni95_Fe05_T800_8vac,1330,0.29735242892734604,V1NN_inplane,A2_fe_ctx_1nn,HOLLOW_FCC,1,1,0,2.482281419064849,0.9942367677579217,,A2_fe_ctx_1nn
1e5f1f40773349372577517e8e522d596180f54c35a6e09a74028463e7cf4853,pending_research,pending,4972478298379930765,6698383570156747695,False,1680948196,0,0.7224854051237345,,1.0,18.13966953360406,18.0,8.024179567399998e-08,46.0,True,1,NiFe_Ni95_Fe05_T800_8vac#2532,NiFe_Ni95_Fe05_T800_8vac,2532,0.29909927071124004,V1NN_inplane,A2_fe_ctx_1nn,HOLLOW_FCC,1,1,0,2.596989186622355,1.1469117668857274,,A2_fe_ctx_1nn
f29ea71a5bbb119940f78e48eef4f20bdf3fc6ab829daec5cbf195db6575dfbc,pending_research,approved,4972478298379930765,6698383570156747695,False,702021517,0,0.695263196237561,0.02,19.0,17.789080519694416,16.0,9.288923053924718e-05,271.0,True,19,NiFe_Ni95_Fe05_T300_10vac#202,NiFe_Ni95_Fe05_T300_10vac,202,0.3008123509352922,V1NN_inplane,A2_fe_ctx_1nn,OTHER,1,1,0,2.4772312260808227,1.329327711461974,,A2_fe_ctx_1nn
e75a02f31d617a531813d3de841304863761c59a92b16db41de94af5fd1658b2,pending_research,approved,4972478298379930765,6698383570156747695,False,185589497,0,0.8609369563588294,0.02,60.0,17.786509447736368,20.0,6.056847037421958,10145.0,True,60,NiFe_Ni95_Fe05_T300_10vac#29,NiFe_Ni95_Fe05_T300_10vac,29,0.3025251835663042,V1NN_inplane,A2_fe_ctx_1nn,HOLLOW_FCC,1,1,0,2.5141131282343445,1.4726229109822617,,A2_fe_ctx_1nn
c096df20465288eb3580da10a871d7e79960e57b34aed85c194898781f189319,pending_research,pending,4972478298379930765,6698383570156747695,False,1888779309,0,0.8896336553907533,,1.0,17.110139369442397,16.0,2.66776219848e-07,313.0,True,1,NiFe_Ni95_Fe05_T800_8vac#1331,NiFe_Ni95_Fe05_T800_8vac,1331,0.30417288207169446,V1NN_inplane,A2_fe_ctx_1nn,HOLLOW_FCC,1,1,0,2.482281419064849,1.5723523775156485,,A2_fe_ctx_1nn
acf01f016347ba5202c187dc8b6bbbb004da03c64738878febd288a75c18cb06,pending_research,pending,4972478298379930765,6698383570156747695,False,2313242692,0,0.8158446515444667,,1.0,16.94245584569904,18.0,9.3160010866e-08,211.0,True,1,NiFe_Ni95_Fe05_T800_9vac#1360,NiFe_Ni95_Fe05_T800_9vac,1360,0.3058044327313258,V1NN_inplane,A2_fe_ctx_1nn,HOLLOW_FCC,1,1,0,2.3994005259288995,1.4825386139864702,,A2_fe_ctx_1nn
afe0f2f2bcaab58fb06a11b0f1194eb7b20b27a547abfa4cc6b693ed608448c8,pending_research,approved,4972478298379930765,6698383570156747695,False,1466825020,0,0.8443965784035061,0.02,40.0,16.769383641775303,20.0,5.66940516006022,20412.0,True,40,NiFe_Ni95_Fe05_T300_10vac#75,NiFe_Ni95_Fe05_T300_10vac,75,0.30741931661779,V1NN_inplane,A2_fe_ctx_1nn,HOLLOW_FCC,1,1,0,2.505633586212015,1.4884467375147146,,A2_fe_ctx_1nn
2ca0848e3350a33d5d455661a40347e1c78f7017eacc83db0eb4534e90bcc41a,pending_research,approved,4972478298379930765,6698383570156747695,False,2112806698,0,0.7837557825915458,0.02,7.0,16.4057742280231,17.0,5.367556462941999e-07,519.0,True,7,NiFe_Ni95_Fe05_T600_3vac#81,NiFe_Ni95_Fe05_T600_3vac,81,0.30899918508593116,V1NN_inplane,A2_fe_ctx_1nn,HOLLOW_FCC,1,1,0,2.4848439473811554,1.0329980504036969,,A2_fe_ctx_1nn
0f8535ffea731178c7cf84e9cd37287e5dcc6f5087c2fe198b9e4c21736384a7,pending_research,pending,4972478298379930765,6698383570156747695,False,1888779309,0,0.8053392962647196,,1.0,15.527990300139695,19.0,7.031132858999999e-08,84.0,True,1,NiFe_Ni95_Fe05_T800_6vac#907,NiFe_Ni95_Fe05_T800_6vac,907,0.31049452336791783,V1NN_inplane,A2_fe_ctx_1nn,HOLLOW_FCC,1,1,0,2.410434566210353,1.4985047556872126,,A2_fe_ctx_1nn
a033bfa729f1c931858704c44fd718a036a56b642c9e762a524cd45467f7b054,pending_research,approved,4972478298379930765,6698383570156747695,False,2112806698,0,0.8046703447151479,0.02,36.0,15.300620557088674,15.0,1.1482280283588555,5758.0,True,36,NiFe_Ni95_Fe05_T300_10vac#4,NiFe_Ni95_Fe05_T300_10vac,4,0.3119679660488397,V1NN_inplane,A2_fe_ctx_1nn,HOLLOW_FCC,1,1,0,2.5163591906354905,1.1476727765629602,,A2_fe_ctx_1nn
e5b1c731f33ae8a5d23c741dae56823c89896ee09db2d4b00360a79e01122d87,pending_research,approved,4972478298379930765,6698383570156747695,False,185589497,0,0.8518288850720371,0.02,33.0,15.120188194058676,10.0,1.986987944189449,9712.0,True,33,NiFe_Ni95_Fe05_T300_10vac#153,NiFe_Ni95_Fe05_T300_10vac,153,0.31342403317667755,V1NN_inplane,A2_fe_ctx_1nn,HOLLOW_FCC,1,1,0,2.514156835872278,1.4614861538659278,,A2_fe_ctx_1nn
0a71b2beb00e7c329a49b3d347d134d4c686c7ba9fa9934d966025338afbdc1a,pending_research,pending,4972478298379930765,6698383570156747695,False,3031465928,0,0.40501837186820927,,1.0,15.08920442631608,16.0,9.36470728e-10,17.0,True,1,NiFe_Ni95_Fe05_T700_6vac#526,NiFe_Ni95_Fe05_T700_6vac,526,0.3148771165820162,V1NN_inplane,A2_fe_ctx_1nn,HOLLOW_FCC,1,1,0,2.326401241926925,0.9650709414986495,,A2_fe_ctx_1nn
fa773ff9764737ee7ff97cad1fa416b3b5e791ed6162491d545e8fa8c1e9265d,pending_research,approved,4972478298379930765,6698383570156747695,False,2969462515,0,0.8712024703866241,0.02,29.0,14.940181152508362,14.0,2.3889623696179028,18583.0,True,29,NiFe_Ni95_Fe05_T300_4vac#46,NiFe_Ni95_Fe05_T300_4vac,46,0.3163158491150318,V1NN_inplane,A2_fe_ctx_1nn,OTHER,1,1,0,2.515820471793468,1.5067911583824085,,A2_fe_ctx_1nn
47e664ae6d96c8be3c9b734a913c3e83ca7d2d300f12b4bf980c3b3e95bd68a3,pending_research,approved,4972478298379930765,6698383570156747695,False,185589497,0,0.7802007759772441,0.02,20.0,14.739626355107774,16.0,0.748058941598886,1515.0,True,20,NiFe_Ni95_Fe05_T300_1vac#20,NiFe_Ni95_Fe05_T300_1vac,20,0.31773526831384297,V1NN_inplane,A2_fe_ctx_1nn,HOLLOW_FCC,1,1,0,2.512716027065114,1.1566536554936064,,A2_fe_ctx_1nn
9870b497353e69b6622f3c071f57ad565e64120e6a80bda7289e4b577af07251,pending_research,approved,4972478298379930765,6698383570156747695,False,4081219197,0,0.7770698902035464,,2.0,14.726184656476288,13.0,7.08186058802e-07,628.0,True,2,NiFe_Ni95_Fe05_T700_1vac#169,NiFe_Ni95_Fe05_T700_1vac,169,0.31915339308329466,V1NN_inplane,A2_fe_ctx_1nn,HOLLOW_FCC,1,1,0,2.497584871739503,1.208725152221534,,A2_fe_ctx_1nn
33596c83c1ff5a794f464956da0d979d468ef1fb4115f688de71fcb82ee8ace1,pending_research,pending,4972478298379930765,6698383570156747695,False,3688026399,0,0.4371145792511016,,1.0,14.72167399650599,17.0,7.6405317e-10,17.0,True,1,NiFe_Ni95_Fe05_T800_9vac#1361,NiFe_Ni95_Fe05_T800_9vac,1361,0.320571083478278,V1NN_inplane,A2_fe_ctx_1nn,HOLLOW_FCC,1,1,0,2.3994005259288995,1.0026990876552233,,A2_fe_ctx_1nn
f04cc2d6ed6900046f6002cdd7f7e846217880c7df298d6fc4bc8ffbaa542877,pending_research,pending,4972478298379930765,6698383570156747695,False,1680948196,0,0.7434357122756411,,1.0,14.43590846232406,18.0,8.1231568329e-08,43.0,True,1,NiFe_Ni95_Fe05_T800_8vac#2533,NiFe_Ni95_Fe05_T800_8vac,2533,0.32196125478452714,V1NN_inplane,A2_fe_ctx_1nn,HOLLOW_FCC,1,1,0,2.596989186622355,1.5915918242098501,,A2_fe_ctx_1nn
079ea014d93bce2e112bc6fb85c80b175a49a128c1e5eb7d610093cbb4cab554,pending_research,pending,4972478298379930765,6698383570156747695,False,1413152722,0,0.49895046342953725,,1.0,14.138083025424503,12.0,2.0945288607e-09,14.0,True,1,NiFe_Ni95_Fe05_T800_6vac#783,NiFe_Ni95_Fe05_T800_6vac,783,0.32332274563898966,V1NN_inplane,A2_fe_ctx_1nn,HOLLOW_FCC,1,1,0,2.5200166377637383,1.012843918140802,,A2_fe_ctx_1nn
6eeb6b8dca14b38fc72ba4ba65bb75132a888a5cf6ac3a889da7ad09e49b6341,pending_research,pending,4972478298379930765,6698383570156747695,False,2744808703,0,0.7572993759131351,,1.0,14.0935013386214,16.0,1.4268663021820002e-07,250.0,True,1,NiFe_Ni95_Fe05_T700_6vac#525,NiFe_Ni95_Fe05_T700_6vac,525,0.32467994329763844,V1NN_inplane,A2_fe_ctx_1nn,HOLLOW_FCC,1,1,0,2.326401241926925,1.460891942161738,,A2_fe_ctx_1nn
0758b80f77524f2992e58c2c0d84f04213bb1f047dd363e491dc2daa64de00a9,pending_research,approved,4972478298379930765,6698383570156747695,False,1466825020,0,0.831992959635633,0.02,12.0,14.019962609236853,12.0,0.0022092603455175,2659.0,True,12,NiFe_Ni95_Fe05_T400_10vac#199,NiFe_Ni95_Fe05_T400_10vac,199,0.3260300592106697,V1NN_inplane,A2_fe_ctx_1nn,HOLLOW_FCC,1,1,0,2.5258444043892037,1.5110598378864315,,A2_fe_ctx_1nn
9be5ae2f20ee189d9fac92359faf1553753d7c39256ee08cc480b2a73c952caf,pending_research,approved,4972478298379930765,6698383570156747695,False,2112806698,0,0.7730006569383777,0.02,40.0,13.763746543313037,17.0,0.0001099028021461,596.0,True,40,NiFe_Ni95_Fe05_T300_10vac#76,NiFe_Ni95_Fe05_T300_10vac,76,0.32735550163508903,V1NN_inplane,A2_fe_ctx_1nn,HOLLOW_FCC,1,1,0,2.505633586212015,1.1055206438386171,,A2_fe_ctx_1nn
eb39891b310661a0c8c3f87a6d9263b364f4d974c28401a86af9a5d3a754ad44,pending_research,pending,4972478298379930765,6698383570156747695,False,1888779309,0,0.8073581604039646,,1.0,13.679603131370472,12.0,1.0858620416204e-07,433.0,True,1,NiFe_Ni95_Fe05_T800_10vac#1333,NiFe_Ni95_Fe05_T800_10vac,1333,0.3286728410878667,V1NN_inplane,A2_fe_ctx_1nn,HOLLOW_FCC,1,1,0,2.432098495146732,1.5656711245754849,,A2_fe_ctx_1nn
34e72386e32f06916ba17a2cca4466afef8ca9e9e0c4772e542924ae9ab731c4,pending_research,approved,4972478298379930765,6698383570156747695,False,4081219197,0,0.7074206709496785,0.02,6.0,13.65443695246002,16.0,2.31014789572e-07,93.0,True,6,NiFe_Ni95_Fe05_T600_2vac#70,NiFe_Ni95_Fe05_T600_2vac,70,0.32998775704925826,V1NN_inplane,A2_fe_ctx_1nn,HOLLOW_FCC,1,1,0,2.4988011902877716,1.3522047341525174,,A2_fe_ctx_1nn
f39fefd00a093c1e97a9ce8aeeea28b91c3d1f18d18e894ee88c53db84a33c97,pending_research,approved,4972478298379930765,6698383570156747695,False,185589497,0,0.8549960926432367,0.02,60.0,13.375301085507733,15.0,3.9917816135573263,11101.0,True,60,NiFe_Ni95_Fe05_T300_10vac#39,NiFe_Ni95_Fe05_T300_10vac,39,0.3312757923558025,V1NN_inplane,A2_fe_ctx_1nn,HOLLOW_FCC,1,1,0,2.5131011947212594,1.472745789010197,,A2_fe_ctx_1nn
7dccbd14129a327ac3846ddc54ba617dafaa7b78df5b51f6fb52ac77ec9adbc8,pending_research,pending,4972478298379930765,6698383570156747695,False,4081219197,0,0.8296428719831966,,1.0,12.84176847151162,10.0,7.483046574100001e-07,663.0,True,1,NiFe_Ni95_Fe05_T700_1vac#155,NiFe_Ni95_Fe05_T700_1vac,155,0.3325124487184542,V1NN_inplane,A2_fe_ctx_1nn,HOLLOW_FCC,1,1,0,2.49972197608306,1.205314904636023,,A2_fe_ctx_1nn
54a3652daf72f063e5f364dee6f20e783e1830b960a25e9aacab5ff2165edb9d,pending_research,approved,4972478298379930765,6698383570156747695,False,4081219197,0,0.781143686052285,0.02,6.0,12.626451043819122,17.0,2.03790967388782e-06,532.0,True,6,NiFe_Ni95_Fe05_T600_2vac#69,NiFe_Ni95_Fe05_T600_2vac,69,0.33372837011243417,V1NN_inplane,A2_fe_ctx_1nn,HOLLOW_FCC,1,1,0,2.4988011902877716,1.210752987166041,,A2_fe_ctx_1nn
00da8167a39c32793e391f5b7d949c13c1d9c5066712abe00e0e698de6dd8524,pending_research,pending,4972478298379930765,6698383570156747695,False,1680948196,0,0.7534159223332609,,1.0,11.6609019392386,10.0,6.8435272632e-08,88.0,True,1,NiFe_Ni95_Fe05_T800_8vac#1612,NiFe_Ni95_Fe05_T800_8vac,1612,0.33485130957434756,V1NN_inplane,A2_fe_ctx_1nn,HOLLOW_FCC,1,1,0,2.597889265526201,1.0894121508656232,,A2_fe_ctx_1nn
8c25f511aff838018c801ccb3827ac0e55b89e24c5edb20b24b7ce1cd268ae9b,pending_research,pending,4972478298379930765,6698383570156747695,False,3688026399,0,0.41645390112353203,,1.0,10.83996055306689,10.0,4.01748853e-10,12.0,True,1,NiFe_Ni95_Fe05_T800_6vac#1636,NiFe_Ni95_Fe05_T800_6vac,1636,0.3358951927605755,V1NN_inplane,A2_fe_ctx_1nn,HOLLOW_FCC,1,1,0,2.4341253165162544,0.8613134361436895,,A2_fe_ctx_1nn
6086476be77a5a8c6ccc8e49e74f0ea9bf1b59eb025304d7162db741872d42b5,pending_research,approved,4972478298379930765,6698383570156747695,False,702021517,0,0.6837900639767515,0.02,8.0,10.797578208369837,13.0,1.65977106338e-06,55.0,True,8,NiFe_Ni95_Fe05_T500_8vac#394,NiFe_Ni95_Fe05_T500_8vac,394,0.336934994546617,V1NN_inplane,A2_fe_ctx_1nn,OTHER,1,1,0,2.5179445407696286,1.3395055333070383,,A2_fe_ctx_1nn
889706114c2b21bbe890cfc618f8490ffe85dba814c55465c6ac013f95a3b69d,pending_research,pending,4972478298379930765,6698383570156747695,False,3688026399,0,0.3724103764434404,,1.0,10.685799590643354,18.0,2.069732591e-10,20.0,True,1,NiFe_Ni95_Fe05_T800_6vac#908,NiFe_Ni95_Fe05_T800_6vac,908,0.337964032103485,V1NN_inplane,A2_fe_ctx_1nn,HOLLOW_FCC,1,1,0,2.410434566210353,0.9906798649846056,,A2_fe_ctx_1nn
0e664e6f26aabf25fd2d1005396db6d599ee304be6de79931ccce62b7b83b129,pending_research,pending,4972478298379930765,6698383570156747695,False,2112806698,0,0.8178707340630355,,1.0,10.612006231280755,3.0,3.48126499598e-07,567.0,True,1,NiFe_Ni95_Fe05_T700_6vac#285,NiFe_Ni95_Fe05_T700_6vac,285,0.33898596339398646,V1NN_inplane,A2_fe_ctx_1nn,HOLLOW_FCC,1,1,0,2.525153153308409,1.0767868803136733,,A2_fe_ctx_1nn
3d10a361bf8b68c53ca525d66ea62683f06c0764842a559275d831a74e67417c,pending_research,pending,4972478298379930765,6698383570156747695,False,4081219197,0,0.7827497416046756,,1.0,10.519248652078216,13.0,5.5675430721000015e-08,257.0,True,1,NiFe_Ni95_Fe05_T800_4vac#483,NiFe_Ni95_Fe05_T800_4vac,483,0.3399989621725243,V1NN_inplane,A2_fe_ctx_1nn,HOLLOW_FCC,1,1,0,2.4867726841820468,1.361020408281522,,A2_fe_ctx_1nn
2109a6d37b0cf2879a771fa8aa3a8ddca0cd222adeb1168d45f84edf28f90cdc,pending_research,approved,4972478298379930765,6698383570156747695,False,2112806698,0,0.7700140153128753,0.02,12.0,10.386405421632013,9.0,0.0018614693806618,2476.0,True,12,NiFe_Ni95_Fe05_T400_7vac#52,NiFe_Ni95_Fe05_T400_7vac,52,0.34099916820942916,V1NN_inplane,A2_fe_ctx_1nn,HOLLOW_FCC,1,1,0,2.5152367875453,1.012147804427243,,A2_fe_ctx_1nn
82ab04d25ca7edb9b3f353152ca954cbe0f85b0c1a5d15751c0ecec965b28d00,pending_research,approved,4972478298379930765,6698383570156747695,False,2969462515,0,0.8185844633117044,0.02,8.0,10.34828655361976,6.0,4.449468414846639e-06,916.0,True,8,NiFe_Ni95_Fe05_T600_10vac#273,NiFe_Ni95_Fe05_T600_10vac,273,0.3419957034169799,V1NN_inplane,A2_fe_ctx_1nn,OTHER,1,1,0,2.50533970132742,1.622384901366439,,A2_fe_ctx_1nn
94cebfce11ce84da90e989c9e92a624d388f8cc20e38e1c46feadbd71fb3d183,pending_research,pending,4972478298379930765,6698383570156747695,False,4081219197,0,0.7468122688023869,,1.0,10.257702535975923,8.0,1.429889681e-07,13.0,True,1,NiFe_Ni95_Fe05_T700_2vac#564,NiFe_Ni95_Fe05_T700_2vac,564,0.3429835154255396,V1NN_inplane,A2_fe_ctx_1nn,HOLLOW_FCC,1,1,0,2.4973305271940114,1.3574413707444941,,A2_fe_ctx_1nn
7cf08dda4516d5154c3016a0510fefceddbe8e3d2fc19a34e17b98d9b4e9c9e2,pending_research,approved,4972478298379930765,6698383570156747695,False,2112806698,0,0.75406709083396,0.02,8.0,10.25432964961739,9.0,1.7129522851996e-06,549.0,True,8,NiFe_Ni95_Fe05_T600_10vac#272,NiFe_Ni95_Fe05_T600_10vac,272,0.3439710026267034,V1NN_inplane,A2_fe_ctx_1nn,HOLLOW_FCC,1,1,0,2.50533970132742,0.9660956198965205,,A2_fe_ctx_1nn
6da7842dfc2675f9ea91bd39cd23cc122828340dc18463f76e601d0fd88259a0,pending_research,pending,4972478298379930765,6698383570156747695,False,4081219197,0,0.824670035579402,,1.0,10.180786104227424,8.0,4.64364640598e-07,439.0,True,1,NiFe_Ni95_Fe05_T700_2vac#563,NiFe_Ni95_Fe05_T700_2vac,563,0.3449514076184706,V1NN_inplane,A2_fe_ctx_1nn,HOLLOW_FCC,1,1,0,2.4973305271940114,1.2053323021270024,,A2_fe_ctx_1nn
d02df59dd7bc449988888c1a4b2a500f7bd07a75e86ea9cec82f5bc52e52c812,pending_research,pending,4972478298379930765,6698383570156747695,False,4081219197,0,0.7327200743757204,,1.0,10.056430010572075,10.0,1.269483563e-07,10.0,True,1,NiFe_Ni95_Fe05_T700_1vac#156,NiFe_Ni95_Fe05_T700_1vac,156,0.3459198371759512,V1NN_inplane,A2_fe_ctx_1nn,HOLLOW_FCC,1,1,0,2.49972197608306,1.3560851216373766,,A2_fe_ctx_1nn
256afde4602dc35224d63a15877c9f95c27ebe3bbf94709b50a3526e961831c0,pending_research,pending,4972478298379930765,6698383570156747695,False,702021517,0,0.6994935831608017,,1.0,9.9815342691226,8.0,8.344744656e-06,145.0,True,1,NiFe_Ni95_Fe05_T500_10vac#786,NiFe_Ni95_Fe05_T500_10vac,786,0.3468810543081803,V1NN_inplane,A2_fe_ctx_1nn,OTHER,1,1,0,2.4627115180866426,1.2628749840135416,,A2_fe_ctx_1nn
bfe4a8632232cb0f728bbd1aff8c740ca6c3dfc49f7f2469781575a8950b7579,pending_research,approved,4972478298379930765,6698383570156747695,False,2112806698,0,0.779413306127306,0.02,29.0,9.548314983887073,10.0,1.862999663673e-06,510.0,True,29,NiFe_Ni95_Fe05_T300_4vac#47,NiFe_Ni95_Fe05_T300_4vac,47,0.347800552623667,V1NN_inplane,A2_fe_ctx_1nn,HOLLOW_FCC,1,1,0,2.515820471793468,1.0964475044998256,,A2_fe_ctx_1nn
29eb25eac5c5e48994ea83d03a39c953254d6812017afa3e8596145b1d556d2f,pending_research,approved,4972478298379930765,6698383570156747695,False,4081219197,0,0.7984521164107339,0.02,4.0,9.539828965482442,10.0,1.864822730714e-07,586.0,True,4,NiFe_Ni95_Fe05_T700_1vac#75,NiFe_Ni95_Fe05_T700_1vac,75,0.34871923373950736,V1NN_inplane,A2_fe_ctx_1nn,HOLLOW_FCC,1,1,0,2.4998004068385167,1.2102002169147175,,A2_fe_ctx_1nn
4cb12ccfebb944081816193f8d069ef2ccb89acaa788185bc09694d023dba66c,pending_research,pending,4972478298379930765,6698383570156747695,False,1413152722,0,0.46438637622031825,,1.0,9.42355151924102,12.0,8.62555986e-10,19.0,True,1,NiFe_Ni95_Fe05_T800_10vac#1332,NiFe_Ni95_Fe05_T800_10vac,1332,0.34962671739106965,V1NN_inplane,A2_fe_ctx_1nn,HOLLOW_FCC,1,1,0,2.432098495146732,0.9595835585646268,,A2_fe_ctx_1nn
8dedbdfc6ce46dce9293336ad7d279b1fb5dd02679fc263eb33e4d119a6f9192,pending_research,pending,4972478298379930765,6698383570156747695,False,702021517,0,0.7164967824446647,,1.0,9.293638729010988,7.0,1.136661589e-05,13.0,True,1,NiFe_Ni95_Fe05_T500_10vac#787,NiFe_Ni95_Fe05_T500_10vac,787,0.35052169050103604,V1NN_inplane,A2_fe_ctx_1nn,OTHER,1,1,0,2.4627115180866426,1.2445042033934224,,A2_fe_ctx_1nn
b4dd686a944dcb9f219d4bc91369ef5e075e2f7f41916fe9c0df6ab081e95155,pending_research,pending,4972478298379930765,6698383570156747695,False,4081219197,0,0.8112762733735509,,1.0,9.281298946223496,13.0,6.687854727789999e-08,320.0,True,1,NiFe_Ni95_Fe05_T800_4vac#482,NiFe_Ni95_Fe05_T800_4vac,482,0.35141547529562894,V1NN_inplane,A2_fe_ctx_1nn,HOLLOW_FCC,1,1,0,2.4867726841820468,1.1916646050118886,,A2_fe_ctx_1nn
9672d7d4f861c2038e82ca62e2ed4f6c900ee98c7789f43e505c99893899523c,pending_research,approved,4972478298379930765,6698383570156747695,False,702021517,0,0.8113888285564317,0.02,19.0,9.119183956856237,9.0,2.483754478667385,7359.0,True,19,NiFe_Ni95_Fe05_T300_10vac#201,NiFe_Ni95_Fe05_T300_10vac,201,0.3522936484917471,V1NN_inplane,A2_fe_ctx_1nn,OTHER,1,1,0,2.4772312260808227,1.2051165795116505,,A2_fe_ctx_1nn
91051022e9c75b32c392f3ffee73aaa3adc693613ff2d4083e3f5b56a9f4a0f0,pending_research,approved,4972478298379930765,6698383570156747695,False,1466825020,0,0.8646341382612714,0.02,4.0,9.017197626656934,8.0,4.4296004493511495e-06,734.0,True,4,NiFe_Ni95_Fe05_T600_9vac#498,NiFe_Ni95_Fe05_T600_9vac,498,0.35316200045145035,V1NN_inplane,A2_fe_ctx_1nn,HOLLOW_FCC,1,1,0,2.498397685700453,1.4742969093113119,,A2_fe_ctx_1nn
05b9b78251cd774ad61c6e0a68910c00f396fe607ff5d7875dbee28fd33b705b,pending_research,pending,4972478298379930765,6698383570156747695,False,1888779309,0,0.9076073944497695,,1.0,8.887299736662403,10.0,2.186647769689786e-07,227.0,True,1,NiFe_Ni95_Fe05_T800_8vac#1684,NiFe_Ni95_Fe05_T800_8vac,1684,0.3540178433044435,V1NN_inplane,A2_fe_ctx_1nn,HOLLOW_FCC,1,1,0,2.493799134079801,1.5841252574923494,,A2_fe_ctx_1nn
0113ff8d757323b393f950ffd19b21c21e3c4751ec72159501ea1fdb0687c442,pending_research,pending,4972478298379930765,6698383570156747695,False,3688026399,0,0.4727692469114118,,1.0,8.81940733004406,5.0,5.39035159e-10,9.0,True,1,NiFe_Ni95_Fe05_T800_8vac#2415,NiFe_Ni95_Fe05_T800_8vac,2415,0.35486714815008924,V1NN_inplane,A2_fe_ctx_1nn,HOLLOW_FCC,1,1,0,2.4869066692900312,0.9089281241870797,,A2_fe_ctx_1nn
ec2804e5c3e68c1f95198ec191b0dfa610c4084ed9d8b8df587e127303f8be7d,pending_research,pending,4972478298379930765,6698383570156747695,False,2969462515,0,0.8290124150989867,,1.0,8.767750062669803,2.0,7.211756978100351e-07,246.0,True,1,NiFe_Ni95_Fe05_T700_8vac#488,NiFe_Ni95_Fe05_T700_8vac,488,0.35571147842478573,V1NN_inplane,A2_fe_ctx_1nn,OTHER,1,1,0,2.5173714013274964,1.488368545011592,,A2_fe_ctx_1nn
412ff51b6ad1c36ba9f8cfaf5f24ca6b43935576b1446900d93787ed41a62491,pending_research,pending,4972478298379930765,6698383570156747695,False,1680948196,0,0.7628274188782599,,1.0,8.557934066386409,9.0,4.980574526310001e-08,62.0,True,1,NiFe_Ni95_Fe05_T800_8vac#1613,NiFe_Ni95_Fe05_T800_8vac,1613,0.35653560351610997,V1NN_inplane,A2_fe_ctx_1nn,HOLLOW_FCC,1,1,0,2.597889265526201,1.6372962533714805,,A2_fe_ctx_1nn
73d46caa425552157443d28885fb80641acdca520c2a605a644e49b5f3f65dd8,pending_research,approved,4972478298379930765,6698383570156747695,False,3031796809,0,0.5749554262765952,0.02,8.0,8.414969251000965,5.0,0.001656101984632,17.0,True,8,NiFe_Ni95_Fe05_T300_8vac#0,NiFe_Ni95_Fe05_T300_8vac,0,0.35734596116185435,V1NN_inplane,A2_fe_ctx_1nn,HOLLOW_FCC,1,1,0,2.551619129195889,1.035657015357238,,A2_fe_ctx_1nn
522ef3580c2f2c4de30323087e9faa90aa0b0df07dcc02b3c6c67e2f3f6a1d93,pending_research,pending,4972478298379930765,6698383570156747695,False,1888779309,0,0.9180842612613562,,1.0,7.868717333426795,5.0,1.2893540059200001e-07,75.0,True,1,NiFe_Ni95_Fe05_T800_8vac#2414,NiFe_Ni95_Fe05_T800_8vac,2414,0.35810371500065596,V1NN_inplane,A2_fe_ctx_1nn,HOLLOW_FCC,1,1,0,2.4869066692900312,1.6483727733889426,,A2_fe_ctx_1nn
2561e3dfda7e2928ee7503d377368896a9928f1f7d5855663e8df95cfa878705,pending_research,approved,4972478298379930765,6698383570156747695,False,702021517,0,0.7383561272065706,,2.0,7.8570018482574255,7.0,9.763316712500001e-08,117.0,True,2,NiFe_Ni95_Fe05_T700_3vac#338,NiFe_Ni95_Fe05_T700_3vac,338,0.35886034064365585,V1NN_inplane,A2_fe_ctx_1nn,OTHER,1,1,0,2.510332105084094,1.3515719282416838,,A2_fe_ctx_1nn
733319fdfc6f243f24725539d492a338be3098e1c9a547d782e602c6918dc418,pending_research,approved,4972478298379930765,6698383570156747695,False,4081219197,0,0.7169684311316954,0.02,4.0,7.759213880494875,10.0,4.2530240966e-08,50.0,True,4,NiFe_Ni95_Fe05_T700_1vac#76,NiFe_Ni95_Fe05_T700_1vac,76,0.35960754935060113,V1NN_inplane,A2_fe_ctx_1nn,HOLLOW_FCC,1,1,0,2.4998004068385167,1.353423024835318,,A2_fe_ctx_1nn
fcd6ef6ca6d12b44b1b69a7ff29887184c0cdeca82f8f7c1b3305f31cbca3c1d,pending_research,pending,4972478298379930765,6698383570156747695,False,1908630825,0,0.42427761300677963,,1.0,7.7213599291809,8.0,3.4220272e-10,9.0,True,1,NiFe_Ni95_Fe05_T800_9vac#1110,NiFe_Ni95_Fe05_T800_9vac,1110,0.36035111273954773,V1NN_inplane,A2_fe_ctx_1nn,HOLLOW_HCP,1,1,0,2.457288685052511,0.8658743069867996,,A2_fe_ctx_1nn
dc77dfb2ff9289e853f83d4a42eba50fdb923dfdedadfe563b3e8934b3afbd67,pending_research,pending,4972478298379930765,6698383570156747695,False,1413152722,0,0.49430654596471857,,1.0,7.30437144185657,5.0,1.64202205e-08,5.0,True,1,NiFe_Ni95_Fe05_T600_8vac#939,NiFe_Ni95_Fe05_T600_8vac,939,0.3610545203300818,V1NN_inplane,A2_fe_ctx_1nn,HOLLOW_FCC,1,1,0,2.4522009443039163,0.9494596987512885,,A2_fe_ctx_1nn
0904f22281ded8ebebc38fd288241501d48b78a8b63db98442310cecfcf1ecb1,pending_research,pending,4972478298379930765,6698383570156747695,False,3583135014,0,0.9477212582069116,,1.0,7.291309162668813,8.0,2.3651670596630002e-07,668.0,True,1,NiFe_Ni95_Fe05_T800_9vac#1109,NiFe_Ni95_Fe05_T800_9vac,1109,0.3617566700291733,V1NN_inplane,A2_fe_ctx_1nn,HOLLOW_HCP,1,1,0,2.457288685052511,1.6930908043157273,,A2_fe_ctx_1nn
d38d1a9a637f50bc3e4499b0c1500753c1f7e35caa4e734ff7ecc33304cd16e7,pending_research,approved,4972478298379930765,6698383570156747695,False,2112806698,0,0.7745484441349675,0.02,7.0,7.180033015315528,10.0,1.8710129078730003e-06,523.0,True,7,NiFe_Ni95_Fe05_T600_3vac#122,NiFe_Ni95_Fe05_T600_3vac,122,0.3624481038867558,V1NN_inplane,A2_fe_ctx_1nn,HOLLOW_FCC,1,1,0,2.4896799895701167,1.0164614747617013,,A2_fe_ctx_1nn
1569085c8ad10bf7c870bf90c7f5cbe71b39fb2186ff0e63c8ea7de99d4ec662,pending_research,approved,4972478298379930765,6698383570156747695,False,4081219197,0,0.6420158434787381,0.02,4.0,7.045684939871874,4.0,2.260985093e-08,31.0,True,4,NiFe_Ni95_Fe05_T500_5vac#218,NiFe_Ni95_Fe05_T500_5vac,218,0.3631266000868283,V1NN_inplane,A2_fe_ctx_1nn,HOLLOW_FCC,1,1,0,2.4859285026880746,1.3778658984311214,,A2_fe_ctx_1nn
6d83573da6f84399984fb84da273917223959e30abec58f8f9742785d61789ea,pending_research,approved,4972478298379930765,6698383570156747695,False,1466825020,0,0.7529923967705436,0.02,5.0,7.020116286523978,7.0,2.6649343463000004e-07,119.0,True,5,NiFe_Ni95_Fe05_T400_5vac#171,NiFe_Ni95_Fe05_T400_5vac,171,0.3638026340374126,V1NN_inplane,A2_fe_ctx_1nn,HOLLOW_FCC,1,1,0,2.4853576382717164,1.3880937186539715,,A2_fe_ctx_1nn
c2cce4366807de14db4104f3689bdaa43aa43e50317301edf04a382e90c98d1d,pending_research,pending,4972478298379930765,6698383570156747695,False,1888779309,0,0.8298114264116522,,1.0,6.798475012133375,10.0,5.122259436754e-08,42.0,True,1,NiFe_Ni95_Fe05_T800_6vac#1637,NiFe_Ni95_Fe05_T800_6vac,1637,0.36445732403581377,V1NN_inplane,A2_fe_ctx_1nn,HOLLOW_FCC,1,1,0,2.4341253165162544,1.656317378492547,,A2_fe_ctx_1nn
dcda05782915b281ea5a513cfb41406ce21a9d5d2401783a925525ae32067d54,pending_research,approved,4972478298379930765,6698383570156747695,False,2112806698,0,0.7705217835022866,0.02,4.0,6.578338487822195,10.0,6.761953579602e-06,245.0,True,4,NiFe_Ni95_Fe05_T500_7vac#323,NiFe_Ni95_Fe05_T500_7vac,323,0.3650908149887685,V1NN_inplane,A2_fe_ctx_1nn,HOLLOW_FCC,1,1,0,2.4923434105798505,1.1070159708256346,,A2_fe_ctx_1nn
5098ef0fd6a088e3831c58499e800ef411d449daea2d3094827f27e70a411af3,pending_research,pending,4972478298379930765,6698383570156747695,False,4081219197,0,0.7491070025080263,,1.0,6.569076544510156,3.0,9.45236106e-07,10.0,True,1,NiFe_Ni95_Fe05_T600_2vac#195,NiFe_Ni95_Fe05_T600_2vac,195,0.3657234140208672,V1NN_inplane,A2_fe_ctx_1nn,HOLLOW_FCC,1,1,0,2.474679035332912,1.3404638310927337,,A2_fe_ctx_1nn
9d10e02558620017005927bdf0ec2bebe94c2cecedde968172fc81546fbd0078,pending_research,approved,4972478298379930765,6698383570156747695,False,185589497,0,0.8347757460638747,0.02,3.0,6.540771197750908,6.0,1.9797420915724e-06,288.0,True,3,NiFe_Ni95_Fe05_T600_4vac#517,NiFe_Ni95_Fe05_T600_4vac,517,0.3663532872611683,V1NN_inplane,A2_fe_ctx_1nn,HOLLOW_FCC,1,1,0,2.4917041967524276,1.4237846738340634,,A2_fe_ctx_1nn
734f773c29651d2f9043634f828b1d4a5a51dd02c6b4140941c09a7d31a750fb,pending_research,approved,4972478298379930765,6698383570156747695,False,4081219197,0,0.6668350482867458,,2.0,6.418938563045888,3.0,1.65243377189e-06,58.0,True,2,NiFe_Ni95_Fe05_T500_9vac#171,NiFe_Ni95_Fe05_T500_9vac,171,0.3669714280751123,V1NN_inplane,A2_fe_ctx_1nn,HOLLOW_FCC,1,1,0,2.496341794454249,1.3519510615544343,,A2_fe_ctx_1nn
c384b1c6f3c1d77f8767ae1499de4013196c7f0a54a00e2079d34b02e6b006c1,pending_research,approved,4972478298379930765,6698383570156747695,False,185589497,0,0.7698298929956432,0.02,3.0,6.405391205788858,7.0,7.20993779774e-07,35.0,True,3,NiFe_Ni95_Fe05_T600_4vac#529,NiFe_Ni95_Fe05_T600_4vac,529,0.36758826428482,V1NN_inplane,A2_fe_ctx_1nn,HOLLOW_FCC,1,1,0,2.5064147363466627,1.1264736700205775,,A2_fe_ctx_1nn
76c7fb1477ba3df23edf1b378f213a4295e3d1c648481263188c853dc59e71e6,pending_research,approved,4972478298379930765,6698383570156747695,False,1466825020,0,0.8629716531718367,0.02,36.0,6.206474431125548,2.0,0.0066189464047943,3739.0,True,36,NiFe_Ni95_Fe05_T300_10vac#5,NiFe_Ni95_Fe05_T300_10vac,5,0.36818594490115514,V1NN_inplane,A2_fe_ctx_1nn,HOLLOW_FCC,1,1,0,2.5163591906354905,1.4454571756594883,,A2_fe_ctx_1nn
ab5337c056debedacd383a9da63cf709a1fb7a369dc5257ad6faed2c4d5084d6,pending_research,approved,4972478298379930765,6698383570156747695,False,185589497,0,0.8540713723055207,0.02,13.0,6.199546808494225,8.0,2.1897524709671634,3420.0,True,13,NiFe_Ni95_Fe05_T300_1vac#30,NiFe_Ni95_Fe05_T300_1vac,30,0.3687829583906359,V1NN_inplane,A2_fe_ctx_1nn,HOLLOW_FCC,1,1,0,2.5138921736760875,1.45868815133444,,A2_fe_ctx_1nn
a2de789f5038ff66b76fc8ed6a185ea49f407c344938ad7457f03786dfc79b29,pending_research,approved,4972478298379930765,6698383570156747695,False,4081219197,0,0.7372579404145962,0.02,4.0,6.10147841196366,6.0,3.908337250982329e-06,164.0,True,4,NiFe_Ni95_Fe05_T500_8vac#433,NiFe_Ni95_Fe05_T500_8vac,433,0.3693705279389014,V1NN_inplane,A2_fe_ctx_1nn,HOLLOW_FCC,1,1,0,2.4934570835135386,1.3741867598836073,,A2_fe_ctx_1nn
41f54d3fe9e4f05f645c2e7ea14d7a67f5e94a8e31ad1bea2878583d6fea11ea,pending_research,pending,4972478298379930765,6698383570156747695,False,4081219197,0,0.8222379070548413,,1.0,6.06481091274886,5.0,3.7538704170775e-07,291.0,True,1,NiFe_Ni95_Fe05_T700_7vac#1132,NiFe_Ni95_Fe05_T700_7vac,1132,0.3699545664239565,V1NN_inplane,A2_fe_ctx_1nn,HOLLOW_FCC,1,1,0,2.4761571516426315,1.1654909212259859,,A2_fe_ctx_1nn
f9da32e5c4a7582714c36e10a9be9be0cae60730510fd1d9fbff25a617246a34,pending_research,approved,4972478298379930765,6698383570156747695,False,4081219197,0,0.8291833467618722,0.02,4.0,6.03593854604973,5.0,1.0709485012075402e-05,816.0,True,4,NiFe_Ni95_Fe05_T500_5vac#217,NiFe_Ni95_Fe05_T500_5vac,217,0.37053582451345607,V1NN_inplane,A2_fe_ctx_1nn,HOLLOW_FCC,1,1,0,2.4859285026880746,1.1676813089199447,,A2_fe_ctx_1nn
7d5c9f9fed4e6f24941702605753f2470f1ebbf9a4c9bb2d3e9c924d1a6fb8a5,pending_research,pending,4972478298379930765,6698383570156747695,False,1888779309,0,0.8101399646502615,,1.0,6.031626903429729,7.0,1.951863067e-08,54.0,True,1,NiFe_Ni95_Fe05_T800_8vac#1155,NiFe_Ni95_Fe05_T800_8vac,1155,0.3711166673937661,V1NN_inplane,A2_fe_ctx_1nn,HOLLOW_FCC,1,1,0,2.436949237253473,1.4769711156970227,,A2_fe_ctx_1nn
023355fd070253186b46e897856685e9a859768082c95c8acfdd03f2dd461455,pending_research,pending,4972478298379930765,6698383570156747695,False,4081219197,0,0.7433435294051379,,1.0,6.021275526112019,5.0,1.7191400809399998e-08,85.0,True,1,NiFe_Ni95_Fe05_T800_4vac#557,NiFe_Ni95_Fe05_T800_4vac,557,0.3716965134412294,V1NN_inplane,A2_fe_ctx_1nn,HOLLOW_FCC,1,1,0,2.4921160218320844,1.3583642005505694,,A2_fe_ctx_1nn
485f347c81c9ec333d073793468592b397e6b2d7070f38efc97fdfccb3d486de,pending_research,approved,4972478298379930765,6698383570156747695,False,1466825020,0,0.8416636713773787,0.02,5.0,5.892893722516091,5.0,1.53723071242343e-05,1404.0,True,5,NiFe_Ni95_Fe05_T500_5vac#223,NiFe_Ni95_Fe05_T500_5vac,223,0.37226399638040136,V1NN_inplane,A2_fe_ctx_1nn,HOLLOW_FCC,1,1,0,2.4951864714298426,1.476148694182347,,A2_fe_ctx_1nn
5aa2d5545444f800ce536aa8e6b8900c9dce7ec87af8f4a3bba1788f7033e7b6,pending_research,pending,4972478298379930765,6698383570156747695,False,702021517,0,0.7398335713651251,,1.0,5.83452664677126,4.0,5.71593359e-07,6.0,True,1,NiFe_Ni95_Fe05_T600_2vac#344,NiFe_Ni95_Fe05_T600_2vac,344,0.3728258585971822,V1NN_inplane,A2_fe_ctx_1nn,OTHER,1,1,0,2.492492221829112,1.3573129559707402,,A2_fe_ctx_1nn
e93a57aa4867e0a4da8c1f99004e029940231b0f529a02fecfc64021fbe1262b,pending_research,approved,4972478298379930765,6698383570156747695,False,4081219197,0,0.7867353296695604,0.02,5.0,5.749490679645144,8.0,6.743150230807798e-05,301.0,True,5,NiFe_Ni95_Fe05_T400_5vac#170,NiFe_Ni95_Fe05_T400_5vac,170,0.37337953188967016,V1NN_inplane,A2_fe_ctx_1nn,HOLLOW_FCC,1,1,0,2.4853576382717164,1.156386716407166,,A2_fe_ctx_1nn
55b19b8d27540c12e15ddbfbe8647bc993846750102a2f1bafa52304e7041b83,pending_research,pending,4972478298379930765,6698383570156747695,False,1466825020,0,0.661272435693718,,1.0,5.748483447035886,3.0,2.4576153120000002e-08,6.0,True,1,NiFe_Ni95_Fe05_T700_6vac#268,NiFe_Ni95_Fe05_T700_6vac,268,0.3739331081861238,V1NN_inplane,A2_fe_ctx_1nn,HOLLOW_FCC,1,1,0,2.484672535988308,1.4086649871040655,,A2_fe_ctx_1nn
1f1c454b68b9ec605ecf45a4cc90b4939664aa4845ae0534c23702d65c32592f,pending_research,pending,4972478298379930765,6698383570156747695,False,1888779309,0,0.8963652744796492,,1.0,5.562622683482918,12.0,1.16131000885873e-07,508.0,True,1,NiFe_Ni95_Fe05_T800_6vac#782,NiFe_Ni95_Fe05_T800_6vac,782,0.3744687861770345,V1NN_inplane,A2_fe_ctx_1nn,HOLLOW_FCC,1,1,0,2.5200166377637383,1.5930905662742143,,A2_fe_ctx_1nn
f245e29122e06afed84c5595681192370b33d56972a8dd34579862c6dd502f30,pending_research,approved,4972478298379930765,6698383570156747695,False,185589497,0,0.8672014256800643,0.02,20.0,5.53961333899954,6.0,2.189752463128872,3388.0,True,20,NiFe_Ni95_Fe05_T300_1vac#21,NiFe_Ni95_Fe05_T300_1vac,21,0.3750022483787165,V1NN_inplane,A2_fe_ctx_1nn,HOLLOW_FCC,1,1,0,2.512716027065114,1.4492677031395325,,A2_fe_ctx_1nn
23f866b52d918226debca23089bc340dd45b75dea5764eb73254a4c821e5217d,pending_research,approved,4972478298379930765,6698383570156747695,False,185589497,0,0.8689161338939265,0.02,3.0,5.484893038415244,4.0,3.468361969771801e-07,229.0,True,3,NiFe_Ni95_Fe05_T700_1vac#117,NiFe_Ni95_Fe05_T700_1vac,117,0.3755304410407682,V1NN_inplane,A2_fe_ctx_1nn,HOLLOW_FCC,1,1,0,2.5115442408559043,1.4772038015308755,,A2_fe_ctx_1nn
e093e276cdde3d12079fa06b2500c2b2a51a5942830557f9cef523c10a1d332a,pending_research,approved,4972478298379930765,6698383570156747695,False,185589497,0,0.7848513361677903,0.02,9.0,5.381846151686236,2.0,1.056977024524e-06,196.0,True,9,NiFe_Ni95_Fe05_T500_5vac#152,NiFe_Ni95_Fe05_T500_5vac,152,0.3760487103353019,V1NN_inplane,A2_fe_ctx_1nn,HOLLOW_FCC,1,1,0,2.5081369195230026,1.1350391662885861,,A2_fe_ctx_1nn
ed2c49244a482e6b4d2f315e05792544049779c14261cc64b01631613c18f80f,pending_research,approved,4972478298379930765,6698383570156747695,False,185589497,0,0.7656911034954776,0.02,33.0,5.370697857486318,10.0,1.056977024524e-06,196.0,True,33,NiFe_Ni95_Fe05_T300_10vac#154,NiFe_Ni95_Fe05_T300_10vac,154,0.3765659060542618,V1NN_inplane,A2_fe_ctx_1nn,HOLLOW_FCC,1,1,0,2.514156835872278,1.1475183852514599,,A2_fe_ctx_1nn
52e22d64f8882496b23858d2ef03e4d48c91616470bd6c274e013af44befcbf2,pending_research,approved,4972478298379930765,6698383570156747695,False,185589497,0,0.9010452088091169,0.02,30.0,5.253863951678858,1.0,4.572768810769019,13198.0,True,30,NiFe_Ni95_Fe05_T300_2vac#26,NiFe_Ni95_Fe05_T300_2vac,26,0.37707185072214483,V1NN_inplane,A2_fe_ctx_1nn,HOLLOW_FCC,1,1,0,2.5184985622613776,1.4642893498193463,,A2_fe_ctx_1nn
e81e1a126ae7638a4f8cb27c219d8846a7e8084415837423eafabfef6148deac,pending_research,pending,4972478298379930765,6698383570156747695,False,3688026399,0,0.4807963581206423,,1.0,5.248863946719264,10.0,5.96338282e-10,10.0,True,1,NiFe_Ni95_Fe05_T800_8vac#1685,NiFe_Ni95_Fe05_T800_8vac,1685,0.37757731389186344,V1NN_inplane,A2_fe_ctx_1nn,HOLLOW_FCC,1,1,0,2.493799134079801,0.9909178962233456,,A2_fe_ctx_1nn
dd134fb5781bc42c6c949718333b06e74f0eca7d1e5af36632540abc01d422f0,pending_research,approved,4972478298379930765,6698383570156747695,False,4081219197,0,0.8606126747531424,0.02,3.0,5.214367152155874,0.0,3.468361969771801e-07,229.0,True,3,NiFe_Ni95_Fe05_T700_1vac#121,NiFe_Ni95_Fe05_T700_1vac,121,0.37807945503622536,V1NN_inplane,A2_fe_ctx_1nn,HOLLOW_FCC,1,1,0,2.5001050586312035,1.210414766645021,,A2_fe_ctx_1nn
5ee61f7b2a91586010d5f8f91a3725cb3e4d3c6981677d9d60879931a694cf0e,pending_research,pending,4972478298379930765,6698383570156747695,False,185589497,0,0.8363974558615156,,1.0,5.205219919342,2.0,5.5374679993e-08,214.0,True,1,NiFe_Ni95_Fe05_T800_1vac#380,NiFe_Ni95_Fe05_T800_1vac,380,0.37858071530629916,V1NN_inplane,A2_fe_ctx_1nn,HOLLOW_FCC,1,1,0,2.4917414218026965,1.4045916373520109,,A2_fe_ctx_1nn
0df06a9028ea24f345cfea3190a1635aed76d7b777f0acb42efd111e9ea3435e,pending_research,pending,4972478298379930765,6698383570156747695,False,3688026399,0,0.5109533288969033,,1.0,5.18177782188647,7.0,4.3301525599999997e-10,10.0,True,1,NiFe_Ni95_Fe05_T800_8vac#1154,NiFe_Ni95_Fe05_T800_8vac,1154,0.3790797181132333,V1NN_inplane,A2_fe_ctx_1nn,HOLLOW_FCC,1,1,0,2.436949237253473,1.0404494645318765,,A2_fe_ctx_1nn
f67b813f5a962c89e4d8fd6721782bc7a52c04f37bb307a3dd4c0aafc2c4e45e,pending_research,approved,4972478298379930765,6698383570156747695,False,185589497,0,0.8538312312051568,0.02,8.0,5.159803098161865,3.0,5.47496974223e-07,560.0,True,8,NiFe_Ni95_Fe05_T600_1vac#64,NiFe_Ni95_Fe05_T600_1vac,64,0.3795766047644393,V1NN_inplane,A2_fe_ctx_1nn,HOLLOW_FCC,1,1,0,2.5075122938486616,1.45811208118089,,A2_fe_ctx_1nn
764e4118cc5253f6aab9d11eb4df10b31aca2d0c2aee42642e499676f99c373d,pending_research,approved,4972478298379930765,6698383570156747695,False,185589497,0,0.8328399788130442,0.02,9.0,5.082113515904687,15.0,1.1834874490940002e-06,756.0,True,9,NiFe_Ni95_Fe05_T600_10vac#587,NiFe_Ni95_Fe05_T600_10vac,587,0.38006600994481643,V1NN_inplane,A2_fe_ctx_1nn,HOLLOW_FCC,1,1,0,2.5080456769964794,1.4668410578172968,,A2_fe_ctx_1nn
67d3d64fe4ee6987e5d9c60bc1eb7ae0b55682e704e908dba5d6824887aa7181,pending_research,pending,4972478298379930765,6698383570156747695,False,1888779309,0,0.8256799202799813,,1.0,5.049290770969517,4.0,4.9896325431000016e-08,29.0,True,1,NiFe_Ni95_Fe05_T800_6vac#1559,NiFe_Ni95_Fe05_T800_6vac,1559,0.3805522543100415,V1NN_inplane,A2_fe_ctx_1nn,HOLLOW_FCC,1,1,0,2.4419946041326472,1.5565773764428295,,A2_fe_ctx_1nn
4dcff2877525fa872ba6fdfbd0871057b4ababd66a24197a3a78c4fde2705830,pending_research,approved,4972478298379930765,6698383570156747695,False,2112806698,0,0.7857748615130344,0.02,5.0,5.040957936829502,3.0,9.8442057349044e-06,189.0,True,5,NiFe_Ni95_Fe05_T500_3vac#83,NiFe_Ni95_Fe05_T500_3vac,83,0.3810376962271941,V1NN_inplane,A2_fe_ctx_1nn,HOLLOW_FCC,1,1,0,2.4928533557329686,1.1488973187321934,,A2_fe_ctx_1nn
7c92bcb598741c366ebc36c371edf6071cfe95ba770f07b321ce6acfc3e2b0ea,pending_research,approved,4972478298379930765,6698383570156747695,False,185589497,0,0.773632992519177,0.02,5.0,4.968504579135322,4.0,7.20993779774e-07,35.0,True,5,NiFe_Ni95_Fe05_T400_4vac#165,NiFe_Ni95_Fe05_T400_4vac,165,0.3815161609195207,V1NN_inplane,A2_fe_ctx_1nn,HOLLOW_FCC,1,1,0,2.509678174136026,1.1228722847013108,,A2_fe_ctx_1nn
cc898ba97d77d06a1ec3091dd0f1b37e3c1b4f1b02be28747a3e813dc9fa2048,pending_research,approved,4972478298379930765,6698383570156747695,False,185589497,0,0.8638896088359351,0.02,12.0,4.958381912087159,5.0,2.40440054332534,3305.0,True,12,NiFe_Ni95_Fe05_T300_1vac#46,NiFe_Ni95_Fe05_T300_1vac,46,0.38199365080369374,V1NN_inplane,A2_fe_ctx_1nn,HOLLOW_FCC,1,1,0,2.5199875252058823,1.4773881972420744,,A2_fe_ctx_1nn
59157f25f5ddc9e1afc97cbd4fb4c0c4dfee1609adf2b2d78f771c9d2d03e6ca,pending_research,approved,4972478298379930765,6698383570156747695,False,4081219197,0,0.7543787008943574,0.02,3.0,4.950059663804807,5.0,6.050674051899999e-07,80.0,True,3,NiFe_Ni95_Fe05_T600_1vac#486,NiFe_Ni95_Fe05_T600_1vac,486,0.3824703392592074,V1NN_inplane,A2_fe_ctx_1nn,HOLLOW_FCC,1,1,0,2.4898452752195617,1.3785467639578433,,A2_fe_ctx_1nn
4b42e3f96df975eca02d091cb502b6d17ff6eafb734bb0537472641f0f1232f8,pending_research,approved,4972478298379930765,6698383570156747695,False,1466825020,0,0.8323591877122852,0.02,3.0,4.929639567437798,4.0,2.032066576291e-06,237.0,True,3,NiFe_Ni95_Fe05_T600_4vac#490,NiFe_Ni95_Fe05_T600_4vac,490,0.3829450612688882,V1NN_inplane,A2_fe_ctx_1nn,HOLLOW_FCC,1,1,0,2.504300232953335,1.4896430326639534,,A2_fe_ctx_1nn
d0b4c613b9c41a021946285fa9e496ba8a37b2c880fda4fa406c0b4fb3f33255,pending_research,approved,4972478298379930765,6698383570156747695,False,4081219197,0,0.636576644178816,0.02,3.0,4.913926981259876,6.0,3.20603752536e-07,37.0,True,3,NiFe_Ni95_Fe05_T500_7vac#373,NiFe_Ni95_Fe05_T500_7vac,373,0.3834182701637894,V1NN_inplane,A2_fe_ctx_1nn,HOLLOW_FCC,1,1,0,2.4829671558045807,1.3844748739073858,,A2_fe_ctx_1nn
7f2a01c167691317a72aca922e648cf0b8ddeb8d1453980925eeac298240b605,pending_research,approved,4972478298379930765,6698383570156747695,False,185589497,0,0.8608907547146877,0.02,3.0,4.912661127886965,6.0,2.5503625384480004e-06,285.0,True,3,NiFe_Ni95_Fe05_T600_4vac#528,NiFe_Ni95_Fe05_T600_4vac,528,0.38389135715759637,V1NN_inplane,A2_fe_ctx_1nn,HOLLOW_FCC,1,1,0,2.5064147363466627,1.4688946326242989,,A2_fe_ctx_1nn
92195dc44ef78d583163105971a768c398089b500341da96f326ed2a2442bd5d,pending_research,approved,4972478298379930765,6698383570156747695,False,4081219197,0,0.7750589320105331,0.02,5.0,4.862243044150102,1.0,0.0012592414305502,932.0,True,5,NiFe_Ni95_Fe05_T400_4vac#142,NiFe_Ni95_Fe05_T400_4vac,142,0.38435958891326505,V1NN_inplane,A2_fe_ctx_1nn,HOLLOW_FCC,1,1,0,2.4843783357968383,1.1799941663831977,,A2_fe_ctx_1nn
e8caf2a0b2d03237101ef2971141d74df511da2739c051b5cc6fb5df56bc9c12,pending_research,approved,4972478298379930765,6698383570156747695,False,702021517,0,0.7074909982951143,,2.0,4.85929198275187,4.0,9.799079260000002e-09,6.0,True,2,NiFe_Ni95_Fe05_T700_1vac#411,NiFe_Ni95_Fe05_T700_1vac,411,0.38482753648308643,V1NN_inplane,A2_fe_ctx_1nn,OTHER,1,1,0,2.4870182706736035,1.3102427907766503,,A2_fe_ctx_1nn
516789d40647ab45a4b06641dc8fd54df2a56c28d464ddaa0212a3019d22977f,pending_research,pending,4972478298379930765,6698383570156747695,False,1466825020,0,0.6623967690256906,,1.0,4.808955980318264,3.0,2.055644162e-08,9.0,True,1,NiFe_Ni95_Fe05_T700_7vac#1156,NiFe_Ni95_Fe05_T700_7vac,1156,0.38529063671916103,V1NN_inplane,A2_fe_ctx_1nn,HOLLOW_FCC,1,1,0,2.4955625737875513,1.4169702000249764,,A2_fe_ctx_1nn
b8f4af6c5e200721088c4270314593c8a2fc6d66f6e65dce1ea32c827b092590,pending_research,pending,4972478298379930765,6698383570156747695,False,4081219197,0,0.8187832460380379,,1.0,4.798755292134252,3.0,2.3598537952750002e-07,149.0,True,1,NiFe_Ni95_Fe05_T700_7vac#1155,NiFe_Ni95_Fe05_T700_7vac,1155,0.38575275463368275,V1NN_inplane,A2_fe_ctx_1nn,HOLLOW_FCC,1,1,0,2.4955625737875513,1.1407166506404762,,A2_fe_ctx_1nn
66b16dd522c16cdc536b6669d3a315f2253c7602184571a38704a29f524881c5,pending_research,approved,4972478298379930765,6698383570156747695,False,4081219197,0,0.7774564885396512,0.02,7.0,4.776630074618651,5.0,3.729717632450001e-07,493.0,True,7,NiFe_Ni95_Fe05_T600_1vac#46,NiFe_Ni95_Fe05_T600_1vac,46,0.38621274189999377,V1NN_inplane,A2_fe_ctx_1nn,HOLLOW_FCC,1,1,0,2.500964441452382,1.2157550181168273,,A2_fe_ctx_1nn
653db8093c11d1c97e57ae989185b9a3dd43eeee02386bee5850aa1da4e38ce0,pending_research,pending,4972478298379930765,6698383570156747695,False,4081219197,0,0.6344438412370438,,1.0,4.772000763125511,6.0,1.5579750017e-08,21.0,True,1,NiFe_Ni95_Fe05_T700_7vac#1131,NiFe_Ni95_Fe05_T700_7vac,1131,0.38667228336574977,V1NN_inplane,A2_fe_ctx_1nn,HOLLOW_FCC,1,1,0,2.4761571516426315,1.3725309321936667,,A2_fe_ctx_1nn
5e2cb981c6460b9a75670332b71ab5282489e73a5fe199739ddc912bf3845f95,pending_research,pending,4972478298379930765,6698383570156747695,False,4081219197,0,0.7287713112355051,,1.0,4.7382450705711,2.0,9.68367485e-09,9.0,True,1,NiFe_Ni95_Fe05_T800_9vac#1404,NiFe_Ni95_Fe05_T800_9vac,1404,0.3871285741739296,V1NN_inplane,A2_fe_ctx_1nn,HOLLOW_FCC,1,1,0,2.4937586188202663,1.3540032653670193,,A2_fe_ctx_1nn
57625e06e17004383a026b9074e61273238ff4f91d4a2a1b0ac779c860f0cd88,pending_research,pending,4972478298379930765,6698383570156747695,False,4081219197,0,0.7242488257124934,,1.0,4.732785710864619,2.0,9.68367485e-09,9.0,True,1,NiFe_Ni95_Fe05_T800_9vac#1414,NiFe_Ni95_Fe05_T800_9vac,1414,0.3875843392482955,V1NN_inplane,A2_fe_ctx_1nn,HOLLOW_FCC,1,1,0,2.499896434770962,1.3542284512662166,,A2_fe_ctx_1nn
be28b5c4940d2fbe4f212692a313933a3816b42452c8bb54dc2282daeae455a4,pending_research,approved,4972478298379930765,6698383570156747695,False,4081219197,0,0.8275340254237225,0.02,3.0,4.70133711438938,6.0,1.4873729655568889e-05,509.0,True,3,NiFe_Ni95_Fe05_T500_7vac#372,NiFe_Ni95_Fe05_T500_7vac,372,0.38803707583737024,V1NN_inplane,A2_fe_ctx_1nn,HOLLOW_FCC,1,1,0,2.4829671558045807,1.1591023481866638,,A2_fe_ctx_1nn
37f2535dd1e96b7cba611a115f3b9b39bfd10e1f3d26d443dbad5cbb3312d01c,pending_research,approved,4972478298379930765,6698383570156747695,False,4081219197,0,0.791718440682321,0.02,14.0,4.635836024844914,3.0,1.0024242876727465,2367.0,True,14,NiFe_Ni95_Fe05_T300_10vac#108,NiFe_Ni95_Fe05_T300_10vac,108,0.3884835047018255,V1NN_inplane,A2_fe_ctx_1nn,HOLLOW_FCC,1,1,0,2.465850696350266,1.1837554617568173,,A2_fe_ctx_1nn
3dcd5166b2ed9998889c027aaac3b35c4bc0927b91cbeaadeb2aa6889b604ca1,pending_research,approved,4972478298379930765,6698383570156747695,False,702021517,0,0.7298201708984409,0.02,6.0,4.542403567471387,5.0,5.3745145077e-07,38.0,True,6,NiFe_Ni95_Fe05_T500_5vac#166,NiFe_Ni95_Fe05_T500_5vac,166,0.3889209360638616,V1NN_inplane,A2_fe_ctx_1nn,OTHER,1,1,0,2.5011196374147597,1.3524351898930222,,A2_fe_ctx_1nn
b696f9f0588f49acf1dc4be342bbcb04ba3adcbc5e256ab39fbe1ddcd6149d8b,pending_research,pending,4972478298379930765,6698383570156747695,False,702021517,0,0.8382265510317667,,1.0,4.529748997849944,2.0,5.118512455e-08,24.0,True,1,NiFe_Ni95_Fe05_T800_1vac#739,NiFe_Ni95_Fe05_T800_1vac,739,0.3893571487966976,V1NN_inplane,A2_fe_ctx_1nn,OTHER,1,1,0,2.473103032323841,1.2399603411666706,,A2_fe_ctx_1nn
53855947c43bcb99a63fac10c5fb6049c9737090006bf776fd2fd928be72e7cd,pending_research,approved,4972478298379930765,6698383570156747695,False,185589497,0,0.8102115743127312,0.02,3.0,4.524976998225439,1.0,1.9797420915724e-06,288.0,True,3,NiFe_Ni95_Fe05_T600_4vac#518,NiFe_Ni95_Fe05_T600_4vac,518,0.38979290198817756,V1NN_inplane,A2_fe_ctx_1nn,HOLLOW_FCC,1,1,0,2.497401589798004,1.4469459695201718,,A2_fe_ctx_1nn
9710e7f0d1c83292bfd8fb923a31251433a8b25e66d4d63b78e1cb9ec3abbcc4,pending_research,pending,4972478298379930765,6698383570156747695,False,4081219197,0,0.7858781138866108,,1.0,4.513686745732382,2.0,1.2899126876286001e-07,80.0,True,1,NiFe_Ni95_Fe05_T700_5vac#361,NiFe_Ni95_Fe05_T700_5vac,361,0.3902275679335658,V1NN_inplane,A2_fe_ctx_1nn,HOLLOW_FCC,1,1,0,2.514098796873869,1.379903437936762,,A2_fe_ctx_1nn
b5ab29f7657adc4ff71531a13fa0ab306f7162f072a0ba35f094285834a76a39,pending_research,approved,4972478298379930765,6698383570156747695,False,1466825020,0,0.6241667361253598,,2.0,4.50009551122521,6.0,9.60567942438e-08,47.0,True,2,NiFe_Ni95_Fe05_T700_7vac#653,NiFe_Ni95_Fe05_T700_7vac,653,0.39066092504935884,V1NN_inplane,A2_fe_ctx_1nn,HOLLOW_FCC,1,1,0,2.4946969224546707,1.4116339794389094,,A2_fe_ctx_1nn
0cfc9413dd92f02ac3d897595abb94f57b826c5729a07a6fd411cde79f9e25a6,pending_research,approved,4972478298379930765,6698383570156747695,False,185589497,0,0.8052663862109188,0.02,4.0,4.470472952712118,3.0,2.1793114500722e-06,587.0,True,4,NiFe_Ni95_Fe05_T600_10vac#411,NiFe_Ni95_Fe05_T600_10vac,411,0.39109142952647175,V1NN_inplane,A2_fe_ctx_1nn,HOLLOW_FCC,1,1,0,2.4762529444789054,1.4239190127346846,,A2_fe_ctx_1nn
1ca4b701d9ef6732d89564e6e16176336db54600049c80a270c0618935969835,pending_research,approved,4972478298379930765,6698383570156747695,False,2112806698,0,0.6679374945004334,0.02,5.0,4.455960775712345,6.0,9.872123553789002e-07,34.0,True,5,NiFe_Ni95_Fe05_T500_5vac#205,NiFe_Ni95_Fe05_T500_5vac,205,0.39152053648765356,V1NN_inplane,A2_fe_ctx_1nn,HOLLOW_FCC,1,1,0,2.4946375160593606,1.0699463624623644,,A2_fe_ctx_1nn
96b054b8c39ca5f7905775b3df5376c228510978e1aaf8c5d4c1d8e6fbd1d169,pending_research,approved,4972478298379930765,6698383570156747695,False,4081219197,0,0.8197262097447343,0.02,3.0,4.431723439203095,5.0,1.2928802874522e-06,391.0,True,3,NiFe_Ni95_Fe05_T600_1vac#485,NiFe_Ni95_Fe05_T600_1vac,485,0.39194730940454275,V1NN_inplane,A2_fe_ctx_1nn,HOLLOW_FCC,1,1,0,2.4898452752195617,1.184049362528631,,A2_fe_ctx_1nn
7ef1c8767c29073701411e03f5a4a76d27d13abe9b072a573519e411dcb8c1de,pending_research,approved,4972478298379930765,6698383570156747695,False,185589497,0,0.8604142869909587,0.02,4.0,4.387881120596038,7.0,1.5396620562455002e-05,637.0,True,4,NiFe_Ni95_Fe05_T500_7vac#324,NiFe_Ni95_Fe05_T500_7vac,324,0.39236986032643345,V1NN_inplane,A2_fe_ctx_1nn,HOLLOW_FCC,1,1,0,2.4923434105798505,1.47422417209659,,A2_fe_ctx_1nn
873625befdc86995172e76ac13ff9c1de1058712f70a93c5f705e2a947380cac,pending_research,approved,4972478298379930765,6698383570156747695,False,185589497,0,0.7861008713878811,,2.0,4.382185618555995,1.0,2.7612814102727097e-07,170.0,True,2,NiFe_Ni95_Fe05_T600_5vac#340,NiFe_Ni95_Fe05_T600_5vac,340,0.39279186277411265,V1NN_inplane,A2_fe_ctx_1nn,HOLLOW_FCC,1,1,0,2.5116826459712467,1.1091405199979474,,A2_fe_ctx_1nn
ae4e4ef4372fd3f9067238568b29c823829d2f0331e5cd604254f98e50a0b5b3,pending_research,approved,4972478298379930765,6698383570156747695,False,702021517,0,0.6431816778511069,,2.0,4.376582591670041,1.0,7.640523703e-09,36.0,True,2,NiFe_Ni95_Fe05_T700_3vac#525,NiFe_Ni95_Fe05_T700_3vac,525,0.39321332565289496,V1NN_inplane,A2_fe_ctx_1nn,OTHER,1,1,0,2.471602668168424,1.2820193854498787,,A2_fe_ctx_1nn
d2ae9a264950c579dcb729e61ed113b0b8289ad69d2c39a02fbd400e9d1b6e9d,pending_research,pending,4972478298379930765,6698383570156747695,False,702021517,0,0.8083140478584029,,1.0,4.368635341996059,5.0,2.9285344906e-08,18.0,True,1,NiFe_Ni95_Fe05_T800_1vac#555,NiFe_Ni95_Fe05_T800_1vac,555,0.3936340232152104,V1NN_inplane,A2_fe_ctx_1nn,OTHER,1,1,0,2.5264672708276303,1.2487503258578743,,A2_fe_ctx_1nn
e6fa2330ce5df2a196c99a71ad31c424811c269377355ab80667c64831e6157f,pending_research,pending,4972478298379930765,6698383570156747695,False,3031796809,0,0.604161069255497,,1.0,4.36622924340536,2.0,2.82839301e-09,8.0,True,1,NiFe_Ni95_Fe05_T800_6vac#1455,NiFe_Ni95_Fe05_T800_6vac,1455,0.3940544890713447,V1NN_inplane,A2_fe_ctx_1nn,HOLLOW_FCC,1,1,0,2.555844414139989,0.9802964188723,,A2_fe_ctx_1nn
7cf1a9fd69fbcf1e8d8c8f2af63747a3035a7dc6b4c164f135b857d8764f53e4,pending_research,pending,4972478298379930765,6698383570156747695,False,4081219197,0,0.8245610225221754,,1.0,4.343773781454067,5.0,3.72765072905e-08,142.0,True,1,NiFe_Ni95_Fe05_T800_4vac#556,NiFe_Ni95_Fe05_T800_4vac,556,0.39447279247688205,V1NN_inplane,A2_fe_ctx_1nn,HOLLOW_FCC,1,1,0,2.4921160218320844,1.1998290683462345,,A2_fe_ctx_1nn
0109fdd5b04729bf2eb61875c131d6ec39a717382e177c1af917c3c1cf995115,pending_research,pending,16422184473733010417,6514804242913178666,True,4134749849,0,1.5090578948693292,,1.0,7.648385688783989e-05,0.0,7.2396427014999995e-09,63.0,True,1,NiFe_Ni95_Fe05_T800_7vac#787,NiFe_Ni95_Fe05_T800_7vac,787,0.39447279984224204,V1NN_outofplane,A1_fe_mover,HOLLOW_HCP,1,1,0,2.343075311142071,1.9638142862318702,,B_V1NN_outofplane
0b8b5ad64ed433162935a27abbd5323b86defcf1ec534294265a3ff13da91e26,pending_research,pending,16422184473733010417,6514804242913178666,True,4134749849,0,1.5135924690475804,,1.0,3.650549689462821e-05,0.0,3.6020978710000006e-09,30.0,True,1,NiFe_Ni95_Fe05_T800_7vac#765,NiFe_Ni95_Fe05_T800_7vac,765,0.3944728033577045,V1NN_outofplane,A1_fe_mover,HOLLOW_HCP,1,1,0,2.3495377450848682,1.9634680719133766,,B_V1NN_outofplane
0bf980debfa7fd8d37223e8e64343845a914f804bf36e71068688dce23a1ee51,pending_research,pending,16422184473733010417,6514804242913178666,True,4134749849,0,1.519250302153523,,1.0,2.2110127224857663e-05,0.0,2.6376115789000003e-09,13.0,True,1,NiFe_Ni95_Fe05_T800_7vac#1074,NiFe_Ni95_Fe05_T800_7vac,1074,0.3944728054868995,V1NN_outofplane,A1_fe_mover,HOLLOW_HCP,1,1,0,2.3461559801863587,1.953405255912859,,B_V1NN_outofplane
41893a62a6fc64f18bebeeace5aee9c4283ee0fd4177cc27c78a5af44f38d528,pending_research,pending,16422184473733010417,6514804242913178666,True,4134749849,0,1.5183655746568547,,1.0,3.59495780400126e-06,0.0,4.2923547e-10,3.0,True,1,NiFe_Ni95_Fe05_T800_7vac#1255,NiFe_Ni95_Fe05_T800_7vac,1255,0.3944728058330923,V1NN_outofplane,A1_fe_mover,HOLLOW_HCP,1,1,0,2.3477001415310825,1.9592684736702144,,B_V1NN_outofplane
a0e1e7810561c0236ab6b6a6d1a32345665e27dae868d093d9db9c3ff6da1994,pending_research,pending,16422184473733010417,6514804242913178666,True,4134749849,0,1.51333053205326,,1.0,3.5944383785648005e-07,0.0,3.762824e-11,1.0,True,1,NiFe_Ni95_Fe05_T800_7vac#1082,NiFe_Ni95_Fe05_T800_7vac,1082,0.3944728058677066,V1NN_outofplane,A1_fe_mover,HOLLOW_HCP,1,1,0,2.3410146691992675,1.9590066830294777,,B_V1NN_outofplane
75321fdede42799f5b198f516d50e4f918e70815a63b491481eb0abea2752efe,pending_research,pending,16422184473733010417,6514804242913178666,True,4134749849,0,1.5106033024821954,,1.0,3.288612480085179e-08,0.0,1.7715800974e-06,9.0,True,1,NiFe_Ni95_Fe05_T500_9vac#654,NiFe_Ni95_Fe05_T500_9vac,654,0.3944728058708736,V1NN_outofplane,A1_fe_mover,HOLLOW_HCP,1,1,0,2.3396299678090284,1.963008591447634,,B_V1NN_outofplane
efcf4a16e111144b7a4049163480ac4c750d9e8351b980673dcfeb02fa765475,pending_research,pending,16422184473733010417,6514804242913178666,True,4134749849,0,1.478619412790067,,1.0,2.9527118961997187e-08,0.0,7.194443623e-07,21.0,True,1,NiFe_Ni95_Fe05_T500_10vac#874,NiFe_Ni95_Fe05_T500_10vac,874,0.39447280587371697,V1NN_outofplane,A1_fe_mover,HOLLOW_HCP,1,1,0,2.3432627155797263,1.9507493666397422,,B_V1NN_outofplane
2b766e63d1660525d3ba77a029ea5eaa41b95657c8f7c616a46f54617cafd36b,pending_research,pending,16422184473733010417,6514804242913178666,True,4134749849,0,1.5163931992483413,,1.0,1.3492652195536e-08,0.0,4.819004e-11,1.0,True,1,NiFe_Ni95_Fe05_T800_7vac#1038,NiFe_Ni95_Fe05_T800_7vac,1038,0.39447280587501626,V1NN_outofplane,A1_fe_mover,HOLLOW_HCP,1,1,0,2.348680673056641,1.9660873830271337,,B_V1NN_outofplane
21ead44b98c6c45f1ea1b844434d0ca597398cc760bbc78c1b598df3ab8a0a02,pending_research,pending,16422184473733010417,6514804242913178666,False,4134749849,0,1.512296121804866,,1.0,1.76542246651627e-09,0.0,9.71726213e-08,8.0,True,1,NiFe_Ni95_Fe05_T500_9vac#733,NiFe_Ni95_Fe05_T500_9vac,733,0.3944728058751863,V1NN_outofplane,A1_fe_mover,HOLLOW_HCP,1,1,0,2.3403587905370418,1.963689318420487,,B_V1NN_outofplane
82d45936edef19a6bee12cd76fcbcbcff7b8173296c6ec86749c0a0d77020cba,pending_research,pending,16422184473733010417,6514804242913178666,True,4134749849,0,1.5182614331652076,,1.0,1.0709588478473775e-09,0.0,2.15367287297e-06,160.0,True,1,NiFe_Ni95_Fe05_T500_10vac#824,NiFe_Ni95_Fe05_T500_10vac,824,0.39447280587528943,V1NN_outofplane,A1_fe_mover,HOLLOW_HCP,1,1,0,2.354336614829894,1.9606316187512225,,B_V1NN_outofplane
7b52d5b0ec6e4d221575d2ca7dee7b707d92876e6ee12d0683c4188264531085,pending_research,pending,16422184473733010417,6514804242913178666,True,4134749849,0,1.5186296671499802,,1.0,5.928336166479565e-10,0.0,1.2024069017e-06,44.0,True,1,NiFe_Ni95_Fe05_T500_9vac#757,NiFe_Ni95_Fe05_T500_9vac,757,0.39447280587534655,V1NN_outofplane,A1_fe_mover,HOLLOW_HCP,1,1,0,2.3478661505558316,1.963313112519648,,B_V1NN_outofplane
1516b68b8aa46f92d51027e1dcea054016a59ef46eca0bcef653feafd98e2295,pending_research,pending,16422184473733010417,17185029713140960764,True,410102001,0,2.239503827547196,,1.0,3.176480097773018e-12,0.0,7.004403326e-10,66.0,True,1,NiFe_Ni95_Fe05_T700_9vac#601,NiFe_Ni95_Fe05_T700_9vac,601,0.39447280587534683,V1NN_outofplane,A2_fe_ctx_1nn,BRIDGE,1,1,0,3.213434150519591,2.4671091868186563,,B_V1NN_outofplane
a25f950854b03a0079b0933e88ce2dc610aa0fb95e635b4b06e18af748931b49,pending_research,pending,16422184473733010417,17185029713140960764,True,410102001,0,2.1198156157070116,,1.0,3.9545340540319994e-13,0.0,1.338346e-11,1.0,True,1,NiFe_Ni95_Fe05_T700_9vac#1075,NiFe_Ni95_Fe05_T700_9vac,1075,0.39447280587534683,V1NN_outofplane,A0_no_local_fe,BRIDGE,1,1,0,3.2480979361658164,2.469067722055099,,B_V1NN_outofplane
30fa012c51f5b055032d0e2d38693266232fe622bc000fbeb0fa81680d79a9e7,pending_research,pending,16422184473733010417,17185029713140960764,False,410102001,0,2.314313574765947,,1.0,2.4242968100812824e-15,0.0,9.4067190443e-10,136.0,True,1,NiFe_Ni95_Fe05_T600_9vac#909,NiFe_Ni95_Fe05_T600_9vac,909,0.39447280587534683,V1NN_outofplane,A2_fe_ctx_1nn,BRIDGE,1,1,0,3.1440157440515435,2.4678705126477603,,B_V1NN_outofplane
21c2c8b342202fe2a42b29d1636265d0f1f31e5099ba413632685ae0d3c09571,pending_research,pending,16422184473733010417,6514804242913178666,True,3606646165,0,0.05342512343213463,,1.0,0.0,0.0,0.0,0.0,False,1,NiFe_Ni95_Fe05_T800_7vac#1256,NiFe_Ni95_Fe05_T800_7vac,1256,0.39447280587534683,V1NN_outofplane,A1_fe_mover,HOLLOW_HCP,1,1,0,2.3477001415310825,0.4525837823049245,,B_V1NN_outofplane
41ddc15b90d6a6c069822e5c22aec1500a9afbee417bb837f9e609073f4625a8,pending_research,pending,16422184473733010417,17185029713140960764,True,1385419323,0,0.07596575177376515,,1.0,0.0,0.0,0.0,0.0,False,1,NiFe_Ni95_Fe05_T700_9vac#1076,NiFe_Ni95_Fe05_T700_9vac,1076,0.39447280587534683,V1NN_outofplane,A0_no_local_fe,BRIDGE,1,1,0,3.2480979361658164,0.9892698818634889,,B_V1NN_outofplane
8316beb2fb1513a12ae6160d53536c4331892e92bfb6d453ba452ed9bb701ae3,pending_research,pending,16422184473733010417,6514804242913178666,True,3606646165,0,0.05052251622055342,,1.0,0.0,0.0,0.0,0.0,False,1,NiFe_Ni95_Fe05_T500_9vac#655,NiFe_Ni95_Fe05_T500_9vac,655,0.39447280587534683,V1NN_outofplane,A1_fe_mover,HOLLOW_HCP,1,1,0,2.3396299678090284,0.44193768473243983,,B_V1NN_outofplane
99ce458f036509852e11ce12087cca5af5238007fce3df46e4fd405c946bfbb9,pending_research,pending,16422184473733010417,17185029713140960764,True,1385419323,0,0.0601970725492719,,1.0,0.0,0.0,0.0,0.0,False,1,NiFe_Ni95_Fe05_T700_9vac#602,NiFe_Ni95_Fe05_T700_9vac,602,0.39447280587534683,V1NN_outofplane,A0_no_local_fe,BRIDGE,1,1,0,3.213434150519591,0.9101530583324476,,B_V1NN_outofplane
a1ee8990ca0a64a2ef7ed23d80a32b60f8ca3c0aa05ea400f4a9a85e766435e6,pending_research,pending,16422184473733010417,6514804242913178666,True,3606646165,0,0.051955627790448426,,1.0,0.0,0.0,0.0,0.0,False,1,NiFe_Ni95_Fe05_T800_7vac#1039,NiFe_Ni95_Fe05_T800_7vac,1039,0.39447280587534683,V1NN_outofplane,A1_fe_mover,HOLLOW_HCP,1,1,0,2.348680673056641,0.4462218195076605,,B_V1NN_outofplane
b0b4343d4d93752d1eb43bde450f29061f2f1c1ae7ac2c41e6eeda75162587b4,pending_research,pending,16422184473733010417,6514804242913178666,True,3606646165,0,0.053149907244915036,,1.0,0.0,0.0,0.0,0.0,False,1,NiFe_Ni95_Fe05_T500_9vac#758,NiFe_Ni95_Fe05_T500_9vac,758,0.39447280587534683,V1NN_outofplane,A1_fe_mover,HOLLOW_HCP,1,1,0,2.3478661505558316,0.44912723482461225,,B_V1NN_outofplane
c3a52a78b360cd2d19be1ffe8e1b7f78c690037486ff0ba5699247cd4e1ab5fc,pending_research,pending,16422184473733010417,6514804242913178666,True,3606646165,0,0.0554839997666932,,1.0,0.0,0.0,0.0,0.0,False,1,NiFe_Ni95_Fe05_T500_10vac#875,NiFe_Ni95_Fe05_T500_10vac,875,0.39447280587534683,V1NN_outofplane,A1_fe_mover,HOLLOW_HCP,1,1,0,2.3432627155797263,0.4567210044013467,,B_V1NN_outofplane
c88a249ae3cb397bfbdf08f5fa889a100e700d26f938e4bb69ef149bf50d60ad,pending_research,pending,16422184473733010417,6514804242913178666,True,3606646165,0,0.05138610560607056,,1.0,0.0,0.0,0.0,0.0,False,1,NiFe_Ni95_Fe05_T800_7vac#1083,NiFe_Ni95_Fe05_T800_7vac,1083,0.39447280587534683,V1NN_outofplane,A1_fe_mover,HOLLOW_HCP,1,1,0,2.3410146691992675,0.44627659207140846,,B_V1NN_outofplane
cc08cc70925b5d76711c1690a41ce6ce8630f4393e901655a596a516efc38883,pending_research,pending,16422184473733010417,6514804242913178666,True,3606646165,0,0.05318890971648222,,1.0,0.0,0.0,0.0,0.0,False,1,NiFe_Ni95_Fe05_T800_7vac#766,NiFe_Ni95_Fe05_T800_7vac,766,0.39447280587534683,V1NN_outofplane,A1_fe_mover,HOLLOW_HCP,1,1,0,2.3495377450848682,0.4512003611536396,,B_V1NN_outofplane
eab2b0e0bf86afb2cdfab0d7f05191f1d61cad2d8d23191b8619852ec1fef7e9,pending_research,pending,16422184473733010417,6514804242913178666,True,3606646165,0,0.05511576985736619,,1.0,0.0,0.0,0.0,0.0,False,1,NiFe_Ni95_Fe05_T800_7vac#1075,NiFe_Ni95_Fe05_T800_7vac,1075,0.39447280587534683,V1NN_outofplane,A1_fe_mover,HOLLOW_HCP,1,1,0,2.3461559801863587,0.4587373608744411,,B_V1NN_outofplane
fbd6b47c020e4b2b20e744b3d1686711e844cd213f85f8d1b6dbc4fa3ad3ea76,pending_research,pending,16422184473733010417,6514804242913178666,True,3606646165,0,0.055298568315265535,,1.0,0.0,0.0,0.0,0.0,False,1,NiFe_Ni95_Fe05_T500_10vac#825,NiFe_Ni95_Fe05_T500_10vac,825,0.39447280587534683,V1NN_outofplane,A1_fe_mover,HOLLOW_HCP,1,1,0,2.354336614829894,0.4582940665095965,,B_V1NN_outofplane
fc17d0785e74b0d369ac3a1e153ff4b5e67cc1a925e526a7631a1aabb6e0b918,pending_research,pending,16422184473733010417,6514804242913178666,True,3606646165,0,0.050021796057080875,,1.0,0.0,0.0,0.0,0.0,False,1,NiFe_Ni95_Fe05_T800_7vac#788,NiFe_Ni95_Fe05_T800_7vac,788,0.39447280587534683,V1NN_outofplane,A1_fe_mover,HOLLOW_HCP,1,1,0,2.343075311142071,0.44320776071458906,,B_V1NN_outofplane
125d5c2b3ac73d924e4c60ace49c6abcf1994249762a2c6096705ed509df133c,pending_research,pending,18424195307523082449,12150427062628436246,False,2573430012,0,1.4207653372286586,,1.0,2.618879652545e-06,0.0,1.433263e-10,1.0,True,1,NiFe_Ni95_Fe05_T800_8vac#2430,NiFe_Ni95_Fe05_T800_8vac,2430,0.39447280612754376,HOP_2NN,A2_fe_ctx_1nn,HOLLOW_HCP,1,1,0,3.465518402026637,1.8535789631328599,,B_HOP_2NN
5b13bb88a3e27033103b62ff24ed887720c7446c15970d80e0a70f0c09a69535,pending_research,pending,18424195307523082449,13787994090692991538,False,1897743746,0,1.617766971339404,0.02,5.0,1.4346688749258286e-06,0.0,1.0643325740900001e-07,54.0,True,5,NiFe_Ni95_Fe05_T500_8vac#663,NiFe_Ni95_Fe05_T500_8vac,663,0.3944728062657017,HOP_2NN,A1_fe_mover,HOLLOW_HCP,1,1,0,3.5527235203606615,2.073312268298769,,B_HOP_2NN
442e4f6d97085a6f9be3c80c0dfa9e01231913bc439ae3586e4564c42c385d7e,pending_research,pending,18424195307523082449,12150427062628436246,False,2858702188,0,1.824744424450516,,2.0,1.0633951108753208e-06,0.0,6.60947058e-09,10.0,True,2,NiFe_Ni95_Fe05_T800_8vac#2357,NiFe_Ni95_Fe05_T800_8vac,2357,0.3944728063681061,HOP_2NN,A2_fe_ctx_1nn,HOLLOW_HCP,1,1,0,3.4697519799504053,2.028337439931953,,B_HOP_2NN
fdac53913077bc1dce9367ad6e20de7087f543ab78a27d0030fbf8cc73e50bc0,pending_research,pending,18424195307523082449,12150427062628436246,False,1897743746,0,1.8662908373371465,,1.0,3.908883723469763e-07,0.0,8.34774401e-09,4.0,True,1,NiFe_Ni95_Fe05_T800_8vac#2929,NiFe_Ni95_Fe05_T800_8vac,2929,0.39447280640574844,HOP_2NN,A0_no_local_fe,HOLLOW_HCP,1,1,0,3.489406821753578,1.9833510937882588,,B_HOP_2NN
8c30b59be35ba5535aafd3a1ca0d38af1783051400bbc8ab36929362fa6f3b79,pending_research,pending,18424195307523082449,13787994090692991538,False,1897743746,0,1.732186652774544,,1.0,3.499919542893444e-07,0.0,8.530559220000001e-10,12.0,True,1,NiFe_Ni95_Fe05_T800_10vac#1388,NiFe_Ni95_Fe05_T800_10vac,1388,0.3944728064394525,HOP_2NN,A1_fe_mover,HOLLOW_HCP,1,1,0,3.535036667939934,2.083990076712281,,B_HOP_2NN
56edca9a58de7a9d9b2c18921d0aa200da1a938485934555ab893fc06965a02d,pending_research,pending,18424195307523082449,12150427062628436246,False,1897743746,0,1.860528410095867,,1.0,2.585360634491586e-07,0.0,4.802594701e-09,21.0,True,1,NiFe_Ni95_Fe05_T800_9vac#376,NiFe_Ni95_Fe05_T800_9vac,376,0.39447280646434935,HOP_2NN,A0_no_local_fe,HOLLOW_HCP,1,1,0,3.4941186896758056,1.9825743597644643,,B_HOP_2NN
d07b878e2dad1a6e34c1d1e6dac8d98a8f05be1ca81b29fd386568beb5359093,pending_research,pending,18424195307523082449,12150427062628436246,False,3218437067,0,1.8269409956446907,,1.0,2.559507781134057e-07,0.0,2.85371463e-09,14.0,True,1,NiFe_Ni95_Fe05_T800_9vac#1063,NiFe_Ni95_Fe05_T800_9vac,1063,0.3944728064889973,HOP_2NN,A0_no_local_fe,HOLLOW_HCP,1,1,0,3.4914245442472245,2.0184103416014003,,B_HOP_2NN
f7fad0585f3f6d952f920e7d325eaff989b78d292dcce5bcb41a263d929d27fc,pending_research,pending,18424195307523082449,12150427062628436246,False,1897743746,0,1.839892067609071,,1.0,2.093942217651726e-07,0.0,2.85371463e-09,14.0,True,1,NiFe_Ni95_Fe05_T800_9vac#1045,NiFe_Ni95_Fe05_T800_9vac,1045,0.39447280650916183,HOP_2NN,A2_fe_ctx_1nn,HOLLOW_HCP,1,1,0,3.490156357138156,2.0399834202108913,,B_HOP_2NN
8dc77f3ffae567b19339cd7be5f6bede3d23844195e11dd93d72b827f13d4322,pending_research,pending,18424195307523082449,13787994090692991538,False,1897743746,0,1.710755512051037,,1.0,2.0611282772024098e-07,0.0,3.7197747e-10,7.0,True,1,NiFe_Ni95_Fe05_T800_6vac#1795,NiFe_Ni95_Fe05_T800_6vac,1795,0.3944728065290104,HOP_2NN,A1_fe_mover,HOLLOW_HCP,1,1,0,3.5238479175203388,2.050657397720496,,B_HOP_2NN
25d439e36b50c5eb1691d3aa43b48739dc75cf5487461a1591d3e69768c4e821,pending_research,pending,18424195307523082449,12150427062628436246,False,1897743746,0,1.8556576924302135,,1.0,1.903025395892442e-07,0.0,2.7575406368e-09,15.0,True,1,NiFe_Ni95_Fe05_T800_6vac#692,NiFe_Ni95_Fe05_T800_6vac,692,0.39447280654733646,HOP_2NN,A2_fe_ctx_1nn,HOLLOW_HCP,1,1,0,3.505496633957998,2.0016562538337146,,B_HOP_2NN
af5e5c5f4a8eaaada22793024ef872ae0497306e9196d10d129958b9b44bf4b4,pending_research,pending,5330918672303922021,16426931232365969814,True,831947298,0,2.15876631102401,,1.0,0.2855648228851826,0.0,7.3868708574e-07,130.0,True,1,NiFe_Ni95_Fe05_T600_4vac#302,NiFe_Ni95_Fe05_T600_4vac,302,0.3945003063076657,HOP_3NN,A2_fe_ctx_1nn,BRIDGE,1,1,0,4.244558699505995,2.4925065542695837,,B_HOP_3NN
3939d12954e4efea76ba2c1e412272ce2b047cee752d0fc908f33275263c71d8,pending_research,pending,5330918672303922021,16426931232365969814,False,831947298,0,2.1305813758918215,,2.0,0.152195075598312,0.0,1.7401297034000002e-08,13.0,True,2,NiFe_Ni95_Fe05_T700_5vac#584,NiFe_Ni95_Fe05_T700_5vac,584,0.39451496262303387,HOP_3NN,A0_no_local_fe,BRIDGE,1,1,0,4.26323971414719,2.424212275657054,,B_HOP_3NN
477a11958ebba781e15cc2a9acf664e1a3b899836bb1de0c19753f7680faa254,pending_research,pending,5330918672303922021,16426931232365969814,False,831947298,0,2.1924996441974076,,2.0,0.1042761789638601,0.0,5.371029467e-06,111.0,True,2,NiFe_Ni95_Fe05_T500_7vac#236,NiFe_Ni95_Fe05_T500_7vac,236,0.39452500437082544,HOP_3NN,A2_fe_ctx_1nn,BRIDGE,1,1,0,4.228440565560433,2.511940512222491,,B_HOP_3NN
be7b21520e627347f40f007ca5e301ee40335f01e176a4f34660c99200308900,pending_research,pending,5330918672303922021,16426931232365969814,True,438777858,0,1.6922046398240127,,1.0,0.000174741275259,0.0,2.3924366374344004e-07,953.0,True,1,NiFe_Ni95_Fe05_T800_10vac#523,NiFe_Ni95_Fe05_T800_10vac,523,0.39452502119832944,HOP_3NN,A2_fe_ctx_1nn,BRIDGE,1,1,0,4.229504068628366,3.124661053172046,,B_HOP_3NN
8099899150eca87b981e11e016ff1ffd7d208b3618b35e99d9cb39e957e9c713,pending_research,pending,5330918672303922021,16426931232365969814,True,438777858,0,1.6755658443926222,,1.0,8.39482720752169e-05,0.0,3.114694428096454e-06,1969.0,True,1,NiFe_Ni95_Fe05_T700_8vac#197,NiFe_Ni95_Fe05_T700_8vac,197,0.39452502928250915,HOP_3NN,A2_fe_ctx_1nn,BRIDGE,1,1,0,4.2787394374081975,3.207178918055594,,B_HOP_3NN
3bf1a96f2dc6af6c6f91c49a2ac7ab5d23a9518f6513f7f24cd8463215b994c8,pending_research,pending,5330918672303922021,16426931232365969814,True,438777858,0,1.6877457228965795,,1.0,6.863079433315703e-05,0.0,8.658779568185999e-08,391.0,True,1,NiFe_Ni95_Fe05_T800_10vac#597,NiFe_Ni95_Fe05_T800_10vac,597,0.39452503589162286,HOP_3NN,A2_fe_ctx_1nn,BRIDGE,1,1,0,4.2215921505453275,3.1120864234544228,,B_HOP_3NN
d1517e4edf451f61c0625f6a50b3e818753cf7e296b318e313ddb2defe0f8737,pending_research,pending,5330918672303922021,16426931232365969814,True,438777858,0,1.6789676438239105,0.02,3.0,6.0628132944992576e-05,0.0,0.0001004297889032,2879.0,True,3,NiFe_Ni95_Fe05_T500_9vac#411,NiFe_Ni95_Fe05_T500_9vac,411,0.394525041730084,HOP_3NN,A2_fe_ctx_1nn,BRIDGE,1,1,0,4.251004352712575,3.212978609888487,,B_HOP_3NN
143f9178853962fdba4a1c6c32e26298455be71c1231d93903c8eae5c238e83e,pending_research,pending,5330918672303922021,16426931232365969814,True,438777858,0,1.79662663772433,,1.0,5.1275643303018886e-05,0.0,2.66776219848e-07,313.0,True,1,NiFe_Ni95_Fe05_T800_8vac#1354,NiFe_Ni95_Fe05_T800_8vac,1354,0.3945250466679047,HOP_3NN,A0_no_local_fe,BRIDGE,1,1,0,4.266929234927694,3.186421838287014,,B_HOP_3NN
6f810b60a2e916506a63d9e109ede0be21b9a8a103aca497bf0bf981d95057d9,pending_research,pending,5330918672303922021,16426931232365969814,True,438777858,0,1.7657325147001757,,1.0,4.115118754925817e-05,0.0,5.73690671421189e-06,863.0,True,1,NiFe_Ni95_Fe05_T700_10vac#480,NiFe_Ni95_Fe05_T700_10vac,480,0.39452505063074506,HOP_3NN,A0_no_local_fe,BRIDGE,1,1,0,4.202763453733658,3.2117470965064476,,B_HOP_3NN
eb680449bb999df85ff12d11718bcce8f2c69d1c17c2159cb59696cf18e08fb7,pending_research,pending,5330918672303922021,16426931232365969814,True,438777858,0,1.7851326404161227,,1.0,2.7434642454244693e-05,0.0,1.2893540059200001e-07,75.0,True,1,NiFe_Ni95_Fe05_T800_8vac#2410,NiFe_Ni95_Fe05_T800_8vac,2410,0.3945250532726884,HOP_3NN,A0_no_local_fe,BRIDGE,1,1,0,4.182953401920267,3.15591402096287,,B_HOP_3NN
6d60902cf2436286bea72e14a4f3ce66f88edcd8fbd37d0af919c08e2b02ebc1,pending_research,pending,5330918672303922021,16426931232365969814,True,438777858,0,1.8014987875058068,,1.0,1.973684588059755e-05,0.0,1.192506784031e-07,184.0,True,1,NiFe_Ni95_Fe05_T800_6vac#308,NiFe_Ni95_Fe05_T800_6vac,308,0.3945250551733375,HOP_3NN,A0_no_local_fe,BRIDGE,1,1,0,4.253218276844701,3.2023329480000164,,B_HOP_3NN
a369a4872e6c951aa15f9ee6b4bfee6a1aebcfffd705f02cf14582b4478cee04,pending_research,pending,5330918672303922021,16426931232365969814,True,438777858,0,1.7843342436417513,,1.0,1.9442837977914277e-05,0.0,1.16131000885873e-07,508.0,True,1,NiFe_Ni95_Fe05_T800_6vac#780,NiFe_Ni95_Fe05_T800_6vac,780,0.3945250570456738,HOP_3NN,A0_no_local_fe,BRIDGE,1,1,0,4.266983132879645,3.122100935871845,,B_HOP_3NN
51aac4f518824b545b5e4eb065dbd03536846fbb025ca06030f87c0000bd504c,pending_research,pending,17387390135406754341,18090864413981163928,False,333070716,0,2.1368619456579836,,1.0,1.7363023717503662e-08,0.0,8.34774401e-09,4.0,True,1,NiFe_Ni95_Fe05_T800_8vac#2937,NiFe_Ni95_Fe05_T800_8vac,2937,0.39452505704734586,HOP_4NN,A0_no_local_fe,BRIDGE,1,1,0,4.9124757252185285,2.475187719622536,,B_HOP_4NN
331fa96aac9facf3cb1c9ee245e9e9a958517b3c78c9a9ea98f2c7351c0780d0,pending_research,pending,17387390135406754341,18090864413981163928,False,1775769327,0,2.1249925697775325,,1.0,1.3133223495301612e-08,0.0,4.802594701e-09,21.0,True,1,NiFe_Ni95_Fe05_T800_9vac#366,NiFe_Ni95_Fe05_T800_9vac,366,0.3945250570486106,HOP_4NN,A0_no_local_fe,BRIDGE,1,1,0,4.931914777093917,2.5576202539112467,,B_HOP_4NN
ef78f2f9c8b06ab54c2bbed4e508e589e8078ba3ec2f978eb789d3f42d6dd609,pending_research,pending,17387390135406754341,18090864413981163928,False,1775769327,0,2.0745512955678103,0.02,3.0,2.169324328283737e-09,0.0,4.9297756281e-08,32.0,True,3,NiFe_Ni95_Fe05_T600_8vac#771,NiFe_Ni95_Fe05_T600_8vac,771,0.39452505704881946,HOP_4NN,A2_fe_ctx_1nn,BRIDGE,1,1,0,4.930676725201435,2.453346477213653,,B_HOP_4NN
d9e144e4bd046f5079448904c1e593de266a262ccab41940518731d7b0150c52,pending_research,pending,17387390135406754341,18090864413981163928,False,1775769327,0,2.143042169862383,,1.0,1.97450788741707e-09,0.0,9.0988673e-10,2.0,True,1,NiFe_Ni95_Fe05_T800_10vac#890,NiFe_Ni95_Fe05_T800_10vac,890,0.3945250570490096,HOP_4NN,A0_no_local_fe,BRIDGE,1,1,0,4.932323336238019,2.4851074453087256,,B_HOP_4NN
3bb1625a628d1c1f22a9f42f56cc04bec833c24a8865d4bea1ec6f22d46b8f30,pending_research,pending,17387390135406754341,18090864413981163928,False,1775769327,0,2.1031366382603665,,1.0,1.748160834970902e-09,0.0,5.819503579999998e-10,8.0,True,1,NiFe_Ni95_Fe05_T800_10vac#1300,NiFe_Ni95_Fe05_T800_10vac,1300,0.39452505704917795,HOP_4NN,A2_fe_ctx_1nn,BRIDGE,1,1,0,4.9284252068760415,2.538592557710761,,B_HOP_4NN
c0d632ffe02119055042be7900114526c64f5d3696879f5dc49cf8655123b4cd,pending_research,pending,9307260411033505736,12960908612523951532,False,1425588591,0,2.044551740677889,,1.0,2.028517347127216e-09,0.0,3.548864919e-10,20.0,True,1,NiFe_Ni95_Fe05_T800_8vac#2163,NiFe_Ni95_Fe05_T800_8vac,2163,0.39452505704937324,HOP_far,A0_no_local_fe,BRIDGE,1,1,0,5.555597199960677,2.580442909137903,,B_HOP_far
8bf50a8c04e5ee95748ddda981ad4642b000318f7b08c20fa07a535dd77a8879,pending_research,pending,9307260411033505736,12960908612523951532,False,1425588591,0,2.1579840098611385,,1.0,1.9684029346147823e-09,0.0,1.688146913e-09,18.0,True,1,NiFe_Ni95_Fe05_T800_8vac#1334,NiFe_Ni95_Fe05_T800_8vac,1334,0.3945250570495628,HOP_far,A2_fe_ctx_1nn,BRIDGE,1,1,0,5.528751371521887,2.6447998542836735,,B_HOP_far
bad4da8bf784aad0b0950150a167f2d000a4802fc0bb66c1f6563ba4b38915f8,pending_research,pending,9307260411033505736,12960908612523951532,False,2648207544,0,2.2721870574114296,,1.0,1.6300217647849231e-09,0.0,5.899982389999999e-09,96.0,True,1,NiFe_Ni95_Fe05_T800_8vac#1413,NiFe_Ni95_Fe05_T800_8vac,1413,0.39452505704971974,HOP_far,A2_fe_ctx_1nn,BRIDGE,1,1,0,5.523651808298821,2.4157547899553893,,B_HOP_far
a2ac53eadbf47035526508827ce60812267870ab0301977702a7116ed1cf5277,pending_research,pending,9307260411033505736,12960908612523951532,False,1425588591,0,2.038539135040992,,1.0,1.606554979002844e-09,0.0,1.830369442846e-08,306.0,True,1,NiFe_Ni95_Fe05_T700_10vac#1254,NiFe_Ni95_Fe05_T700_10vac,1254,0.3945250570498744,HOP_far,A2_fe_ctx_1nn,BRIDGE,1,1,0,5.550361235286075,2.5921450880028947,,B_HOP_far
bf0ee0fdb0516866bc38669ae3dd9ef0f91bfb7da57af53ce8e5a786a1225ecb,pending_research,pending,9307260411033505736,12960908612523951532,False,1425588591,0,2.098964952442657,,1.0,1.433181829432769e-09,0.0,5.39035159e-10,9.0,True,1,NiFe_Ni95_Fe05_T800_8vac#2552,NiFe_Ni95_Fe05_T800_8vac,2552,0.39452505705001245,HOP_far,A2_fe_ctx_1nn,BRIDGE,1,1,0,5.526155474267448,2.602057874893723,,B_HOP_far
3d47227ec6af2634171b84826cf892aa514398299d4eecf5280642152fe411c7,pending_research,pending,8118835280748760697,9534017115911423550,False,3920168717,0,0.8184225086242806,,1.0,2.984465394889292,1.0,6.3449004010000006e-09,37.0,True,1,NiFe_Ni95_Fe05_T800_10vac#492,NiFe_Ni95_Fe05_T800_10vac,492,0.3948124596867981,C2_0deg,A0_no_local_fe,HOLLOW_FCC|OTHER,2,2,0,0.04515950309405414,0.9055609441713784,,B_C2_0deg
0778b08feebb9c064a80369b118b2aacb1c60582ca4c7ba509adf1dbb9ec2eac,pending_research,pending,8118835280748760697,9534017115911423550,False,3185109716,0,0.8556232038772577,,1.0,1.7477032251636673,3.0,2.735481486839e-08,80.0,True,1,NiFe_Ni95_Fe05_T700_7vac#421,NiFe_Ni95_Fe05_T700_7vac,421,0.39498076269881865,C2_0deg,A2_fe_ctx_1nn,HOLLOW_FCC|OTHER,2,2,0,0.033420076211403416,0.9153562790816974,,B_C2_0deg
d928e72e6b2206dfcea17866c2e369702f3dfe6b7bee5a551f4036dae63b6c94,pending_research,pending,8118835280748760697,9534017115911423550,False,3185109716,0,0.7981210483276301,,1.0,0.8598422452149949,1.0,9.264989329999998e-09,17.0,True,1,NiFe_Ni95_Fe05_T700_5vac#391,NiFe_Ni95_Fe05_T700_5vac,391,0.3950635651092328,C2_0deg,A2_fe_ctx_1nn,HOLLOW_FCC|OTHER,2,2,0,0.0027538550718044785,0.8895956809107335,,B_C2_0deg
f08b54f7ecec900381bff2c185d72186656ea5fd043c3cf9ec1c0ba1e1c9360f,pending_research,pending,8118835280748760697,8748628501544561602,False,2104643151,0,0.730359742501605,,1.0,0.845147325157852,1.0,1.9944568e-09,5.0,True,1,NiFe_Ni95_Fe05_T700_10vac#1283,NiFe_Ni95_Fe05_T700_10vac,1283,0.39514495240564396,C2_0deg,A1_fe_mover,HOLLOW_FCC|OTHER,2,2,0,0.033259346783316435,0.8844743696743067,,B_C2_0deg
7e8e3101aaefbc0c8c62f44c25c2fccecb7981136d26a531b2ef5d925e001fe2,pending_research,pending,8118835280748760697,9534017115911423550,False,3185109716,0,0.8340228382821807,,1.0,0.8094326491634878,1.0,2.395330298e-09,13.0,True,1,NiFe_Ni95_Fe05_T800_8vac#700,NiFe_Ni95_Fe05_T800_8vac,700,0.3952229003952801,C2_0deg,A0_no_local_fe,HOLLOW_FCC|OTHER,2,2,0,0.02222711368841579,0.9167252765567886,,B_C2_0deg
ae46a8ff689413498132d0637bddff83aa5e2333dc12ea9bbb6fabc665fde976,pending_research,pending,8118835280748760697,9534017115911423550,False,3185109716,0,0.8506823570542111,,1.0,0.7288066684496565,0.0,2.280851595e-09,10.0,True,1,NiFe_Ni95_Fe05_T800_6vac#459,NiFe_Ni95_Fe05_T800_6vac,459,0.3952930841402744,C2_0deg,A0_no_local_fe,HOLLOW_FCC|OTHER,2,2,0,0.02411825613914864,0.93931704044335,,B_C2_0deg
0cd7fecf866b3bc443e75b2f874a7fa644f82dd0303dfac40ff08fe8a7fb72a0,pending_research,pending,8118835280748760697,9534017115911423550,False,1169424267,0,0.8838600349845366,,1.0,0.6883665928742733,0.0,3.428101703e-09,3.0,True,1,NiFe_Ni95_Fe05_T800_6vac#1012,NiFe_Ni95_Fe05_T800_6vac,1012,0.3953593735247002,C2_0deg,A2_fe_ctx_1nn,HOLLOW_FCC|OTHER,2,2,0,0.037224768343403714,0.9642983888046114,,B_C2_0deg
aafef86d0a36fc28afa7cbfbd82bdc7d7efe95bf11ef7440f7e304a70333aaa6,pending_research,pending,8118835280748760697,9534017115911423550,False,3185109716,0,0.8304289467687341,,1.0,0.5477828116516834,0.0,2.041647531e-09,38.0,True,1,NiFe_Ni95_Fe05_T800_7vac#392,NiFe_Ni95_Fe05_T800_7vac,392,0.3954121247560344,C2_0deg,A2_fe_ctx_1nn,HOLLOW_FCC|OTHER,2,2,0,0.011541112562222677,0.86721320312893,,B_C2_0deg
fdcc4d1eff7a39f247cd76bf0df89b09a7107e80950efd9ba546f3aff43633d8,pending_research,pending,8118835280748760697,9534017115911423550,False,664374926,0,0.08231686621820707,,1.0,0.2394937316055,0.0,1.395595e-13,1.0,True,1,NiFe_Ni95_Fe05_T700_9vac#509,NiFe_Ni95_Fe05_T700_9vac,509,0.3954351878915879,C2_0deg,A0_no_local_fe,OTHER,2,2,0,0.0577997658022269,0.4350991135388303,,B_C2_0deg
dbf79fc53f96cc4a502b47883a99e793ce3c7d09fc9da7f32492373ae3ab5342,pending_research,approved,8118835280748760697,8748628501544561602,False,3803893901,0,1.2052259888473429,0.02,6.0,0.1874972048099787,0.0,4.8630877419558e-07,1725.0,True,6,NiFe_Ni95_Fe05_T500_8vac#662,NiFe_Ni95_Fe05_T500_8vac,662,0.3954532437856668,C2_0deg,A1_fe_mover,HOLLOW_FCC|OTHER,2,2,0,0.0595749624446702,1.5751628069997616,,B_C2_0deg
37a3f4a63b9da29384f8299bf9ecba38ad317d17988dd478d7dc39a4a29cf435,pending_research,pending,8118835280748760697,9534017115911423550,False,3261881177,0,0.9417054556624864,,1.0,0.1846258705229421,0.0,3.869019771e-09,37.0,True,1,NiFe_Ni95_Fe05_T800_7vac#1190,NiFe_Ni95_Fe05_T800_7vac,1190,0.3954710231715823,C2_0deg,A2_fe_ctx_1nn,HOLLOW_FCC|OTHER,2,2,0,0.05444128780036861,1.0569492809405074,,B_C2_0deg
4b6412ef184bf3d6835f33eaff07f09c67c7a1cba73c1ed6a00d363874dbb9d6,pending_research,pending,8118835280748760697,9534017115911423550,False,3261881177,0,0.9622502364236424,,1.0,0.1799580912324645,0.0,2.1023347803e-05,305.0,True,1,NiFe_Ni95_Fe05_T500_10vac#256,NiFe_Ni95_Fe05_T500_10vac,256,0.39548835305251157,C2_0deg,A0_no_local_fe,HOLLOW_FCC|OTHER,2,2,0,0.04074841808330687,1.0657433201072113,,B_C2_0deg
d80ae1fd661db283ae49f4692fd7aab5960916be4a1824d99fcbea4203b3be79,pending_research,pending,2636106273944158809,818860416223707415,True,3456360132,0,1.9215230695963328,,1.0,0.3508917022466252,0.0,1.4511424320000001e-08,33.0,True,1,NiFe_Ni95_Fe05_T700_7vac#459,NiFe_Ni95_Fe05_T700_7vac,459,0.3955221437611003,C2_60deg,A0_no_local_fe,HOLLOW_HCP|OTHER,2,2,0,0.0791533679831633,1.5439281898361517,,B_C2_60deg
e0520e9b68c6ac76fb8fa505d512c21d874fb9cb7ba1f41032e79ecea688b04b,pending_research,pending,2636106273944158809,818860416223707415,True,1743034996,0,1.4395967657328583,,1.0,8.128848560191404e-05,0.0,1.8928646499e-09,4.0,True,1,NiFe_Ni95_Fe05_T800_8vac#1648,NiFe_Ni95_Fe05_T800_8vac,1648,0.39552215158914383,C2_60deg,A2_fe_ctx_1nn,HOLLOW_HCP|OTHER,2,2,0,0.05879669605437332,1.6219249422653632,,B_C2_60deg
7ded7a3af216e03bc5f865c3f5ed6d7bec498654ae3af3a45532e30b8db9831f,pending_research,pending,2636106273944158809,818860416223707415,True,2797733985,0,1.6785311598605404,,1.0,3.983460613696226e-05,0.0,6.355791611733999e-07,751.0,True,1,NiFe_Ni95_Fe05_T700_9vac#1126,NiFe_Ni95_Fe05_T700_9vac,1126,0.395522155425198,C2_60deg,A2_fe_ctx_1nn,HOLLOW_HCP|OTHER,2,2,0,0.13904538777287545,1.6187081191886272,,B_C2_60deg
46f62abad1922be03fc0d84db97c26d25b343ee44f77f877ce99f76d0344c8dc,pending_research,pending,2636106273944158809,818860416223707415,True,784180889,0,1.7964413919435174,,1.0,3.35894157368809e-05,0.0,1.0858620416204e-07,433.0,True,1,NiFe_Ni95_Fe05_T800_10vac#1349,NiFe_Ni95_Fe05_T800_10vac,1349,0.39552215865984314,C2_60deg,A0_no_local_fe,HOLLOW_HCP|OTHER,2,2,0,0.17229779853098126,1.5825997986051514,,B_C2_60deg
2fd5d6e5acafbb6b450eb08ba320a6134eb4bee2200e690345830b11df0d05f0,pending_research,pending,2636106273944158809,818860416223707415,True,784180889,0,1.8619490675646373,,1.0,2.5579047710159276e-05,0.0,1.502587784538e-07,320.0,True,1,NiFe_Ni95_Fe05_T800_6vac#885,NiFe_Ni95_Fe05_T800_6vac,885,0.3955221611230936,C2_60deg,A0_no_local_fe,HOLLOW_HCP|OTHER,2,2,0,0.161010695730607,1.5826990774383225,,B_C2_60deg
dba993820540cfb4ed05299f1eddabf5442349c5bf25e376e047230c70d6cc94,pending_research,pending,16081547091938186986,16116974098079109407,False,419150083,0,1.3837804152071838,,1.0,0.0148190363213113,0.0,9.246121506e-08,318.0,True,1,NiFe_Ni95_Fe05_T800_9vac#889,NiFe_Ni95_Fe05_T800_9vac,889,0.39552358818943545,C2_90deg,A1_fe_mover,HOLLOW_FCC|OTHER,2,2,0,0.025000413900805096,0.9842100489110753,,B_C2_90deg
fddbe43865be917ba756ef3831a12d5ce6526100a4dce7db5d1d853431df85bb,pending_research,pending,16081547091938186986,1905059834916716941,False,300877979,0,1.42517749689614,,1.0,0.0088034395250208,0.0,2.3924366374344004e-07,953.0,True,1,NiFe_Ni95_Fe05_T800_10vac#513,NiFe_Ni95_Fe05_T800_10vac,513,0.3955244359565888,C2_90deg,A0_no_local_fe,HOLLOW_FCC|OTHER,2,2,0,0.01420944616025599,1.0065728511600285,,B_C2_90deg
6955bf72901ea19afd8ec42c740764b15f51dc7f24f431f9374d4be471df99a7,pending_research,pending,16081547091938186986,1905059834916716941,True,1282138701,0,1.4536164880009892,,1.0,0.0080039881817662,0.0,9.24226606491729e-06,1584.0,True,1,NiFe_Ni95_Fe05_T700_10vac#985,NiFe_Ni95_Fe05_T700_10vac,985,0.3955252067369477,C2_90deg,A2_fe_ctx_1nn,HOLLOW_FCC|OTHER,2,2,0,0.10230213990759962,1.2270172996814839,,B_C2_90deg
8c913b23ae7853ea4a7606774d41c0d7c869dab3c3df31f9649c8a0a0db41c74,pending_research,pending,5733797814783428975,15871467794032341067,False,1179414082,0,1.2219497851347114,,1.0,4.9066255484659e-05,0.0,3.0791944587000004e-08,93.0,True,1,NiFe_Ni95_Fe05_T700_7vac#409,NiFe_Ni95_Fe05_T700_7vac,409,0.39552521146200537,C3,A1_fe_mover,HOLLOW_FCC|OTHER,3,3,0,0.010737162274248702,0.8589478645766442,,B_C3
d2328d840d1051dd83f2df2d45775cecf7f1a46d035ddd0fdbf2f8a5a78e8492,pending_research,pending,5733797814783428975,12372552688323648446,False,2296859721,0,1.2908058365146644,,1.0,1.994385775285651e-05,0.0,3.91927188607e-08,90.0,True,1,NiFe_Ni95_Fe05_T700_5vac#63,NiFe_Ni95_Fe05_T700_5vac,63,0.39552521338258967,C3,A0_no_local_fe,HOLLOW_FCC|OTHER,3,3,0,0.06705285704230013,1.0594864145498513,,B_C3
1c55e1dd76939cc8004618b299c6d9e6982f63c90ee90d3c10fc14f5d701d04f,pending_research,pending,7609602111639217224,596913094241648005,False,3756839445,0,1.3043638789722536,,1.0,4.933882497289057e-06,0.0,4.4603293320999993e-07,116.0,True,1,NiFe_Ni95_Fe05_T600_9vac#402,NiFe_Ni95_Fe05_T600_9vac,402,0.39552521385772027,C3,A0_no_local_fe,HOLLOW_FCC|OTHER,3,3,0,0.09341698342569327,1.0028000295040846,,B_C3
e6df7a31b7bfb51cd890454ef88c734798213679ac993084fde1f79b82731df8,pending_research,pending,5733797814783428975,12372552688323648446,False,2296859721,0,1.4209406045683863,,1.0,2.0454106945428e-06,0.0,1.82942838e-09,3.0,True,1,NiFe_Ni95_Fe05_T800_6vac#1622,NiFe_Ni95_Fe05_T800_6vac,1622,0.3955252140546924,C3,A2_fe_ctx_1nn,HOLLOW_FCC|OTHER,3,3,0,0.04251501001188229,0.9606015719647881,,B_C3
29fbb62931a86118f64151c91f6a421f35c5aa9bc72568eda7a25a0ad22c3268,pending_research,pending,5733797814783428975,15871467794032341067,False,844431199,0,1.2136316312189592,,1.0,1.8564741893286e-06,0.0,8.207943e-11,2.0,True,1,NiFe_Ni95_Fe05_T800_7vac#655,NiFe_Ni95_Fe05_T800_7vac,655,0.39552521423347,C3,A1_fe_mover,HOLLOW_FCC|OTHER,3,3,0,0.03496573804867609,0.8991712569525102,,B_C3
b46e6d7304ebe5a316b764dde1d02f16f861cda1866001e047747b69531ead59,pending_research,pending,5749166822980269009,17542688386774102451,False,1821471658,0,2.0919096266552515,,1.0,5.734302158151217e-13,0.0,2.136751667e-07,27.0,True,1,NiFe_Ni95_Fe05_T600_8vac#826,NiFe_Ni95_Fe05_T600_8vac,826,0.3955252142334701,UNCLASSIFIED,A1_fe_mover,HOLLOW_FCC,2,2,0,0.9654984641310467,2.3340324505312986,,B_UNCLASSIFIED
601135e8a9692e043e37a89649ad13e1b7d612c1d818a44aa3b2e73352c79e0b,pending_research,pending,5749166822980269009,17542688386774102451,False,2264276013,0,2.2067428171076244,,1.0,2.9971669725176145e-14,0.0,1.02929815273e-07,70.0,True,1,NiFe_Ni95_Fe05_T600_7vac#377,NiFe_Ni95_Fe05_T600_7vac,377,0.3955252142334701,UNCLASSIFIED,A1_fe_mover,HOLLOW_FCC,2,2,0,1.0192558707271795,2.362027747711516,,B_UNCLASSIFIED
4fcb7d04f64d13cf8137988d9bca2f6b57dd7f347055a94df795e21ef4ec875f,pending_research,pending,5749166822980269009,17542688386774102451,False,1821471658,0,2.1060506018502565,,1.0,2.7890678682719998e-14,0.0,4.05846e-11,1.0,True,1,NiFe_Ni95_Fe05_T700_8vac#314,NiFe_Ni95_Fe05_T700_8vac,314,0.3955252142334701,UNCLASSIFIED,A1_fe_mover,HOLLOW_FCC,2,2,0,1.00954891098998,2.364280626557941,,B_UNCLASSIFIED
c92dfaf73914dbb8bca25df75aa304c43c3caf75ed3ac746b7ba2511f819b82e,pending_research,pending,4972478298379930765,5581027151000475338,False,702021517,0,0.643243337207423,,1.0,27.166472730748872,27.0,7.377376977099999e-09,92.0,True,1,NiFe_Ni95_Fe05_T800_8vac#482,NiFe_Ni95_Fe05_T800_8vac,482,0.3981413329890614,V1NN_inplane,A1_fe_mover,OTHER,1,1,1,-2.4767809353072616,0.06194175215406022,,X_mover_mismatch
0172971dc879e54f84607be3d79a5e23fcdd1696db3d9a2169ff68ea5184fbd7,pending_research,pending,4972478298379930765,5581027151000475338,False,1619843661,0,0.653194142105349,,1.0,7.80939590637492,11.0,2.31349276e-09,23.0,True,1,NiFe_Ni95_Fe05_T800_9vac#903,NiFe_Ni95_Fe05_T800_9vac,903,0.3988933742018826,V1NN_inplane,A1_fe_mover,OTHER,1,1,1,-2.486376783761591,0.06468209556681147,,X_mover_mismatch
d1680c9485541b097f228ad4a76f303bfd022762d9aebbda898a2049aac63dad,pending_research,pending,8118835280748760697,8748628501544561602,False,95863936,0,1.065732845495404,,1.0,4.068913307770277,4.0,2.718646078572e-06,507.0,True,1,NiFe_Ni95_Fe05_T700_10vac#1288,NiFe_Ni95_Fe05_T700_10vac,1288,0.3992852086709664,C2_0deg,A1_fe_mover,HOLLOW_FCC|OTHER,2,2,1,-0.03336566857932244,1.6376125637570231,,X_mover_mismatch
2f5dd741e6347be75d4c763363bd1d65edaff0de6bf90a796481b496114f4720,pending_research,pending,8118835280748760697,9534017115911423550,False,3920168717,0,0.8290474052046194,,1.0,2.7273755571959564,3.0,6.882853801000001e-09,38.0,True,1,NiFe_Ni95_Fe05_T800_10vac#489,NiFe_Ni95_Fe05_T800_10vac,489,0.39954785367532303,C2_0deg,A0_no_local_fe,HOLLOW_FCC|OTHER,2,2,1,-0.041209586522894526,0.9215843817044207,,X_mover_mismatch
7c1f2c1c3bfea2e03c24ed3a04ac5f7183fa1b61f9c96d31899ad0f156449f26,pending_research,pending,8118835280748760697,9534017115911423550,False,3185109716,0,0.8616204114814537,,1.0,2.257330592263135,1.0,8.5185243875e-09,48.0,True,1,NiFe_Ni95_Fe05_T800_6vac#811,NiFe_Ni95_Fe05_T800_6vac,811,0.3997652335670197,C2_0deg,A0_no_local_fe,HOLLOW_FCC|OTHER,2,2,1,-0.029392713572846674,0.9327942305763789,,X_mover_mismatch
e758879db655894974737df28aba5b18038a37d64c8d0f519ad91a36118472a6,pending_research,pending,8118835280748760697,9534017115911423550,False,3185109716,0,0.8424970329506322,,1.0,1.6907741935570546,2.0,2.411008147839e-08,71.0,True,1,NiFe_Ni95_Fe05_T700_7vac#439,NiFe_Ni95_Fe05_T700_7vac,439,0.39992805433963435,C2_0deg,A2_fe_ctx_1nn,HOLLOW_FCC|OTHER,2,2,1,-0.03559090789487507,0.9363034045647511,,X_mover_mismatch
b6b90a3bb90954836a6e6ecb85d8d6d077ed7aee0308c23d262534c1501b16d3,pending_research,pending,8118835280748760697,9534017115911423550,False,3348691041,0,0.8016101269176942,,1.0,1.60880064561232,0.0,1.08434152e-08,30.0,True,1,NiFe_Ni95_Fe05_T700_6vac#450,NiFe_Ni95_Fe05_T700_6vac,450,0.40008298109750634,C2_0deg,A0_no_local_fe,HOLLOW_FCC|OTHER,2,2,1,-0.031953208944402345,0.8984037657644033,,X_mover_mismatch
93359b7d161e5bfbf67f215a2b4e2b8d789cbbb6a4193f8c37fc6174a86f7765,pending_research,pending,8118835280748760697,9534017115911423550,False,1169424267,0,0.8046446102562188,,1.0,1.423826732893509,0.0,3.428101703e-09,3.0,True,1,NiFe_Ni95_Fe05_T800_6vac#1010,NiFe_Ni95_Fe05_T800_6vac,1010,0.40022009495316047,C2_0deg,A2_fe_ctx_1nn,HOLLOW_FCC|OTHER,2,2,1,-0.0008042629916786836,0.8643908542471954,,X_mover_mismatch
66213ee61df0a1e2c3603d510acabdde32458d5c52ec299ba51b5bb0dc1e4aff,pending_research,pending,8118835280748760697,9534017115911423550,False,3185109716,0,0.764523602550563,,2.0,1.1172151872387324,2.0,5.548569246606001e-06,55.0,True,2,NiFe_Ni95_Fe05_T500_9vac#254,NiFe_Ni95_Fe05_T500_9vac,254,0.4003276822588197,C2_0deg,A0_no_local_fe,HOLLOW_FCC|OTHER,2,2,1,-0.025740101973522833,0.9287298702394932,,X_mover_mismatch
36c414a94992199c0f85b0446d35ae1e5bb04af67c142eb193f76bcc4ff582d0,pending_research,pending,8118835280748760697,9534017115911423550,False,3185109716,0,0.8002994653725183,,1.0,1.00744656879915,0.0,9.8786995e-09,29.0,True,1,NiFe_Ni95_Fe05_T700_6vac#396,NiFe_Ni95_Fe05_T700_6vac,396,0.400424698897307,C2_0deg,A0_no_local_fe,HOLLOW_FCC|OTHER,2,2,1,-0.031617082685006626,0.9041891152613066,,X_mover_mismatch
dc27fc256d933154eae281e8a4ff4e1d6d5f23e1ed48e66e43041f79f334327e,pending_research,pending,8118835280748760697,8748628501544561602,False,2104643151,0,0.7303793816518008,,1.0,0.96806003703045,1.0,1.9944568e-09,5.0,True,1,NiFe_Ni95_Fe05_T700_10vac#1287,NiFe_Ni95_Fe05_T700_10vac,1287,0.4005179226310067,C2_0deg,A1_fe_mover,HOLLOW_FCC|OTHER,2,2,1,-0.03336566857932244,0.8414758176784985,,X_mover_mismatch
fbb15ef922868148be66e85a32837d70cccea196bd29d02131abab5ee541e638,pending_research,pending,8118835280748760697,9534017115911423550,False,1169424267,0,0.7639296720908534,,1.0,0.928640713551192,1.0,1.45581714e-09,6.0,True,1,NiFe_Ni95_Fe05_T800_6vac#2013,NiFe_Ni95_Fe05_T800_6vac,2013,0.40060735030209255,C2_0deg,A2_fe_ctx_1nn,HOLLOW_FCC|OTHER,2,2,1,-0.006709662997487653,0.8449634782513445,,X_mover_mismatch
c6d1acb60dd41a93b6e84e783894e389dbe95aa34aaa8ad8dfb3f04a1779f864,pending_research,pending,6651500974952535157,17368291575369795610,False,2353104798,0,3.188428416680084,0.02,8.0,0.6880660352405649,0.0,0.7197563277177942,2377.0,True,8,NiFe_Ni95_Fe05_T300_7vac#42,NiFe_Ni95_Fe05_T300_7vac,42,0.40067361074295726,C3,A1_fe_mover,HOLLOW_HCP|OTHER,3,3,2,-0.07437639177426991,1.0676248143866367,,X_mover_mismatch
d0e42b7edad99cc6415ba05b459fdd69a2625df32d87c66f5dfb14b318595608,pending_research,pending,2636106273944158809,818860416223707415,False,2913766038,0,1.3072488852139938,,1.0,0.0007924557259107,0.0,4.32939391606e-09,11.0,True,1,NiFe_Ni95_Fe05_T800_8vac#1667,NiFe_Ni95_Fe05_T800_8vac,1667,0.40067368705607703,C2_60deg,A2_fe_ctx_1nn,HOLLOW_HCP|OTHER,2,2,1,-0.09305371972891541,1.9192058765544795,,X_mover_mismatch
df605a6d11241a534ba2658427d3c71334f76cf7abcbaa8fb780b4a9300ba175,pending_research,pending,5733797814783428975,15871467794032341067,False,900194224,0,1.1804226284957622,,1.0,0.0003927423922225,0.0,1.07261942759e-08,115.0,True,1,NiFe_Ni95_Fe05_T800_8vac#531,NiFe_Ni95_Fe05_T800_8vac,531,0.4006737248769877,C3,A1_fe_mover,HOLLOW_FCC|OTHER,3,3,2,-0.025806851670748365,0.8653018212187539,,X_mover_mismatch
3407265592e5bedab9059eceb417b3555e24151c345d3842160611ea188d93db,pending_research,pending,5733797814783428975,12372552688323648446,False,2687681093,0,1.2377214246434958,,1.0,0.0001764097499895,0.0,1.10618299538e-08,133.0,True,1,NiFe_Ni95_Fe05_T800_8vac#297,NiFe_Ni95_Fe05_T800_8vac,297,0.40067374186516497,C3,A2_fe_ctx_1nn,HOLLOW_FCC|OTHER,3,3,2,-0.008184114402723486,0.8491275446919028,,X_mover_mismatch
ee050048b0e85a2fd3ecfdb91a08a54b87e4cb548e84a8ca1b5b4630262e7ae0,pending_research,pending,2636106273944158809,818860416223707415,True,1833687129,0,1.5122681050161189,,1.0,9.23292208933238e-05,0.0,8.34774401e-09,4.0,True,1,NiFe_Ni95_Fe05_T800_8vac#2951,NiFe_Ni95_Fe05_T800_8vac,2951,0.40067375075642625,C2_60deg,A2_fe_ctx_1nn,HOLLOW_HCP|OTHER,2,2,1,-0.09442260672926439,1.6494734090577765,,X_mover_mismatch
740cd48ceddf3e8f9b469092e44b685b84bb80611b646667c2cccd04a7dd3d0d,pending_research,pending,2636106273944158809,818860416223707415,True,784180889,0,1.7150498977007373,,1.0,8.571668925467336e-05,0.0,8.0409124194e-08,48.0,True,1,NiFe_Ni95_Fe05_T800_8vac#2536,NiFe_Ni95_Fe05_T800_8vac,2536,0.4006737590109038,C2_60deg,A2_fe_ctx_1nn,HOLLOW_HCP|OTHER,2,2,1,-0.16446944785244222,1.9459110258821342,,X_mover_mismatch
ded7a076d44ff026f9fecbbcdc681c9ff129dbc8a6f6badab547ab2bbc958aa8,pending_research,pending,5733797814783428975,12372552688323648446,False,1696188103,0,1.2238965793258103,,1.0,2.7197051180804048e-05,0.0,1.3955120792e-09,22.0,True,1,NiFe_Ni95_Fe05_T800_7vac#382,NiFe_Ni95_Fe05_T800_7vac,382,0.40067376162996726,C3,A2_fe_ctx_1nn,HOLLOW_FCC|OTHER,3,3,1,-0.004490583732815079,0.8499514691095706,,X_mover_mismatch
1e7537a6526a605efc85983cf7550b51d35d127f30a8b997b55f076418fa0741,pending_research,pending,16422184473733010417,17185029713140960764,False,394754676,0,1.390960432274369,,1.0,9.745051583249998e-08,0.0,5.64225e-11,2.0,True,1,NiFe_Ni95_Fe05_T800_8vac#1814,NiFe_Ni95_Fe05_T800_8vac,1814,0.4006737616393517,V1NN_outofplane,A2_fe_ctx_1nn,OTHER,1,1,1,-2.3370592210508234,0.22391088386732277,,X_mover_mismatch
eb9cc945bbe1231e5fc15109fae9ea87ed451eede43690c5ac8540261d20c81f,pending_research,pending,16422184473733010417,17185029713140960764,False,2051163089,0,0.4141574122531893,,1.0,0.0,0.0,0.0,0.0,False,1,NiFe_Ni95_Fe05_T800_8vac#1815,NiFe_Ni95_Fe05_T800_8vac,1815,0.4006737616393517,V1NN_outofplane,A2_fe_ctx_1nn,OTHER,1,1,1,-2.3370592210508234,0.15044665733156104,,X_mover_mismatch
a1eb378cb899341c558283f88777b52a89091c135479adda62bfb1546fbd680c,pending_research,approved,4972478298379930765,5581027151000475338,False,1704683163,0,0.6361395795202838,0.02,17.0,643.5330192521644,664.0,1.1561335679973208,2265.0,True,17,NiFe_Ni95_Fe05_T300_10vac#193,NiFe_Ni95_Fe05_T300_10vac,193,0.46264569366725616,V1NN_inplane,A1_fe_mover,OTHER,1,1,0,2.4704401490231893,1.279263260289777,refine_failed,X_prev_failed
177d99c2c30028645807fc5151fb154b33bad159d048d7f310da0390f98c5256,pending_research,pending,4972478298379930765,6698383570156747695,False,3031465928,0,0.40088790234676713,,1.0,329.2044255737529,305.0,1.830369442846e-08,306.0,True,1,NiFe_Ni95_Fe05_T700_10vac#1198,NiFe_Ni95_Fe05_T700_10vac,1198,0.494347927545869,V1NN_inplane,A2_fe_ctx_1nn,HOLLOW_FCC,1,1,0,2.3297360750853264,0.9570202551746272,refine_failed,X_prev_failed
94b46313077e822f1b752caaf2b7d3171d5258335be3c0226e6ae526abbd2dd5,pending_research,approved,4972478298379930765,5581027151000475338,False,1704683163,0,0.5995530951194652,,2.0,238.3094825039509,253.0,0.0004425711883284,548.0,True,2,NiFe_Ni95_Fe05_T400_10vac#192,NiFe_Ni95_Fe05_T400_10vac,192,0.5172970204587736,V1NN_inplane,A1_fe_mover,OTHER,1,1,0,2.470183331405872,1.2786413943354924,refine_failed,X_prev_failed
c220eafe43085364d30de102521984cba4aa5fd9eec99a754badbf0bfd4d797e,pending_research,pending,4972478298379930765,5581027151000475338,False,185589497,0,0.6133523108283044,,1.0,155.50838569612375,157.0,1.08403626875e-05,215.0,True,1,NiFe_Ni95_Fe05_T500_10vac#827,NiFe_Ni95_Fe05_T500_10vac,827,0.5322724060564364,V1NN_inplane,A1_fe_mover,HOLLOW_FCC,1,1,0,2.4685993965033366,1.3247230423347554,acceptance_failed,X_prev_failed
11f9c7e0ef10ae52d7ad7283489e522be42ae99acf16e168a37594a68291f479,pending_research,pending,4972478298379930765,5581027151000475338,False,185589497,0,0.5447102506541341,,1.0,154.62643390066825,158.0,2.15367287297e-06,160.0,True,1,NiFe_Ni95_Fe05_T500_10vac#826,NiFe_Ni95_Fe05_T500_10vac,826,0.5471628601042258,V1NN_inplane,A1_fe_mover,HOLLOW_FCC,1,1,0,2.4685993965033366,1.2351044474623352,acceptance_failed,X_prev_failed
39a226f222d5e8c54a482d1a68dc25145285813c7ef71156387b68befce6b6a3,pending_research,approved,4972478298379930765,5581027151000475338,False,702021517,0,0.646974655609468,0.02,3.0,147.83830629230496,146.0,0.0003622529465938,300.0,True,3,NiFe_Ni95_Fe05_T400_8vac#348,NiFe_Ni95_Fe05_T400_8vac,348,0.5613996206038098,V1NN_inplane,A1_fe_mover,OTHER,1,1,0,2.4757893945165077,1.2704447785175235,refine_failed,X_prev_failed
7fb85a3d3e73d276b0408e4ae14529eab087468d49d3582b032f53dcd2c9f000,pending_research,pending,4972478298379930765,5581027151000475338,False,1888779309,0,0.7122270702793684,,1.0,96.46752071613952,88.0,2.66776219848e-07,313.0,True,1,NiFe_Ni95_Fe05_T800_8vac#1366,NiFe_Ni95_Fe05_T800_8vac,1366,0.570689398218746,V1NN_inplane,A1_fe_mover,HOLLOW_FCC,1,1,0,2.450032301513075,1.5654367968526366,refine_failed,X_prev_failed
caed33222c0b33a0c4c7204a17171ba766a59c666ed80f597ba3439d713187ba,pending_research,pending,4972478298379930765,5581027151000475338,False,702021517,0,0.6328512444924854,,1.0,79.29064119368212,80.0,5.264401566464361e-06,255.0,True,1,NiFe_Ni95_Fe05_T500_8vac#467,NiFe_Ni95_Fe05_T500_8vac,467,0.5783250502824335,V1NN_inplane,A1_fe_mover,OTHER,1,1,4,-2.4753416667112855,0.05946148170003519,acceptance_failed,X_prev_failed
a384bbd4ae800a67c32ebf85a4241808d7446e06e5fd52ce162f7ef35bb057c8,pending_research,pending,4972478298379930765,5581027151000475338,False,1704683163,0,0.6543026837753133,,1.0,78.3024588547382,87.0,2.0285464746e-08,97.0,True,1,NiFe_Ni95_Fe05_T800_9vac#938,NiFe_Ni95_Fe05_T800_9vac,938,0.5858655408440563,V1NN_inplane,A1_fe_mover,OTHER,1,1,0,2.476966383602746,1.270001930990841,refine_failed,X_prev_failed
9f725bb3b74e5a82d94afcf04c6bcee15763c188c752ec2f7311582889e886df,pending_research,pending,4972478298379930765,5581027151000475338,False,702021517,0,0.6550865951312519,,1.0,70.62510558484972,69.0,1.8163150349e-08,74.0,True,1,NiFe_Ni95_Fe05_T800_9vac#980,NiFe_Ni95_Fe05_T800_9vac,980,0.5926667058376631,V1NN_inplane,A1_fe_mover,OTHER,1,1,0,2.489327160186372,1.2896207756720057,refine_failed,X_prev_failed
73717032f640c5a3ee951fca699ca27b0f13790c078e7155763b71b8b7cd42f3,pending_research,pending,4972478298379930765,5581027151000475338,False,702021517,0,0.6456992468483805,,1.0,67.24611308159503,66.0,1.5739433694e-08,66.0,True,1,NiFe_Ni95_Fe05_T800_6vac#1275,NiFe_Ni95_Fe05_T800_6vac,1275,0.5991424754164738,V1NN_inplane,A1_fe_mover,OTHER,1,1,0,2.475721149002882,1.2780174975411454,refine_failed,X_prev_failed
b593e0841fe0c9942e5feb60a43fb7a1489b03b8a191999baeb6108a22ac0ce1,pending_research,approved,4972478298379930765,6698383570156747695,False,3076246621,0,0.7720809690212609,0.02,9.0,51.4152768556545,52.0,0.0004384531438865,1273.0,True,9,NiFe_Ni95_Fe05_T400_3vac#90,NiFe_Ni95_Fe05_T400_3vac,90,0.6040937427907529,V1NN_inplane,A0_no_local_fe,HOLLOW_FCC,1,1,0,2.5172469782659324,1.055849100637666,acceptance_failed,X_prev_failed
6eda27ed5beaa4b2ef9c3dff27fde6abf2cbaa4c457c5cf2c0ba007c79652e80,pending_research,approved,4972478298379930765,6698383570156747695,False,1466825020,0,0.8592795097071868,0.02,8.0,48.734518292601074,41.0,4.51727969453642e-05,3080.0,True,8,NiFe_Ni95_Fe05_T500_6vac#146,NiFe_Ni95_Fe05_T500_6vac,146,0.6087868543556442,V1NN_inplane,A0_no_local_fe,HOLLOW_FCC,1,1,0,2.5354720265031214,1.489495654037673,acceptance_failed,X_prev_failed
334af7c70c9499c0fdd44ea5ed5d8fb292f18145ffff547242f97ccc9a89d2e8,pending_research,pending,4972478298379930765,5581027151000475338,False,1888779309,0,0.6358289012196111,,1.0,48.42903704365997,44.0,1.1644498007e-08,45.0,True,1,NiFe_Ni95_Fe05_T800_8vac#1772,NiFe_Ni95_Fe05_T800_8vac,1772,0.6134505482175912,V1NN_inplane,A1_fe_mover,HOLLOW_FCC,1,1,0,2.433812655219039,1.4916474050276607,refine_failed,X_prev_failed
a69b964d2946474f0cfc2bbc5894459ca5bdfeb06aa5973109894bb3c4dab9e1,pending_research,approved,4972478298379930765,6698383570156747695,False,1257920239,0,0.7944388736175734,0.02,3.0,41.956727921356816,43.0,2.4105534275714003e-05,1333.0,True,3,NiFe_Ni95_Fe05_T600_7vac#221,NiFe_Ni95_Fe05_T600_7vac,221,0.6174909617054293,V1NN_inplane,A0_no_local_fe,HOLLOW_FCC,1,1,0,2.5316482395101416,1.5123865222807078,measured_out_of_band,X_prev_out_of_band
eef230ae247a018a00b3a79beb9b711a8100c76bffc5c1f3314c6cde518c8dad,pending_research,pending,4972478298379930765,5581027151000475338,False,702021517,0,0.646869369365959,,1.0,41.40853141087241,40.0,2.96946276818e-07,142.0,True,1,NiFe_Ni95_Fe05_T600_10vac#546,NiFe_Ni95_Fe05_T600_10vac,546,0.621478584122927,V1NN_inplane,A1_fe_mover,OTHER,1,1,1,-2.468073113638122,0.061864557860763114,acceptance_failed,X_prev_failed
53088f1be024e8c7f0dc049bdab793c3f7207ecb570932acb0d9ba716d936518,pending_research,pending,4972478298379930765,5581027151000475338,False,1704683163,0,0.6496635209796296,,1.0,40.53860215435276,31.0,3.98373754698e-08,98.0,True,1,NiFe_Ni95_Fe05_T700_7vac#349,NiFe_Ni95_Fe05_T700_7vac,349,0.6253824327554887,V1NN_inplane,A1_fe_mover,OTHER,1,1,0,2.4773888470942103,1.2826177235741556,refine_failed,X_prev_failed
63c83f9dd32be90a3ad84d03d8c11bd2c5062e4795ce7ba808bd35940bb30605,pending_research,pending,4972478298379930765,5581027151000475338,False,702021517,0,0.6459874248466803,,1.0,39.10170685528752,49.0,3.9233235921e-07,168.0,True,1,NiFe_Ni95_Fe05_T600_10vac#556,NiFe_Ni95_Fe05_T600_10vac,556,0.6291479090355199,V1NN_inplane,A1_fe_mover,OTHER,1,1,2,-2.468685282526746,0.06104842792235868,acceptance_failed,X_prev_failed
aa6cdef02cd82ad0c1b2839ff68658ea5d8355a091462b216059eae710c15b28,pending_research,pending,4972478298379930765,5581027151000475338,False,2112806698,0,0.6335436274794121,,1.0,36.569994463515805,34.0,2.9181325584e-08,50.0,True,1,NiFe_Ni95_Fe05_T700_10vac#813,NiFe_Ni95_Fe05_T700_10vac,813,0.6326695825835027,V1NN_inplane,A1_fe_mover,HOLLOW_FCC,1,1,0,2.454059113914436,1.1809971704679982,refine_failed,X_prev_failed
3578dcf055426c5cc09e65d9c72a3208e487ec4f710b567e94f86fb10f09e262,pending_research,pending,4972478298379930765,5581027151000475338,False,763551740,0,0.6477891863287369,,1.0,35.50426371905223,37.0,3.0791944587000004e-08,93.0,True,1,NiFe_Ni95_Fe05_T700_7vac#408,NiFe_Ni95_Fe05_T700_7vac,408,0.6360886267538466,V1NN_inplane,A1_fe_mover,HOLLOW_FCC,1,1,0,2.4769664968552796,1.2987828613397505,refine_failed,X_prev_failed
