class_id,leg_rank,selected,stratum,arch_name,fe_role,flux_firings,Ea_rep_eV,Ea_std_eV,n_members,tok_kinds,n_tok,n_disp_gt1A,mover_rank,mover_margin_A,dra_stored_A,pred_search_run,pred_search_idx,pred_Ea_member_eV,prev_status,pct_pending_flux
d14b0f70b35ab6d2b222372e1528758c09c3bc1f4ed07e4b5dd717443bdcafd8,1,True,A1_fe_mover,V1NN_inplane,A1_fe_mover,34.307016376359364,0.6614343486980941,,1,OTHER,1,1,0,2.4857953080752715,1.2886121394491798,NiFe_Ni95_Fe05_T800_1vac,582,0.6614343486980943,,0.33037498051407077
4c9c92bd19628e139e783c786a55f21fcc38d72dcd4442396a1b26b8554bd316,2,True,A1_fe_mover,V1NN_inplane,A1_fe_mover,34.01947947883375,0.6534927888596942,,1,OTHER,1,1,0,2.4855423929041525,1.2895160634316936,NiFe_Ni95_Fe05_T800_9vac,1146,0.653492788859694,,0.32760601349359386
84348123e348cb9a8205c6b402257550deff4345f12ab78bf2a1f2fc237a2ce9,3,True,A1_fe_mover,V1NN_inplane,A1_fe_mover,33.66045470869737,0.659218627009068,,1,OTHER,1,1,0,2.487413543647955,1.2705028606994462,NiFe_Ni95_Fe05_T800_1vac,361,0.6592186270090679,,0.32414862156721197
6bd855e97581b9e65aaed95f4f52f93d2248d2731d2cb464d80e3147051435b2,4,True,A1_fe_mover,V1NN_inplane,A1_fe_mover,33.53494823048307,0.6245661865350485,,1,OTHER,1,1,0,2.422625471883666,1.2474384731846542,NiFe_Ni95_Fe05_T600_6vac,721,0.6245661865350485,,0.3229399999884782
9d2065d8ef776e86c62e7db745a0efc05cca956dad10ece50b033a3e35d1861b,5,True,A1_fe_mover,V1NN_inplane,A1_fe_mover,33.1718110848676,0.6679332186521474,,2,OTHER,1,1,0,2.4672087049297415,1.2811194526117249,NiFe_Ni95_Fe05_T800_6vac,1186,0.6660672743200848,,0.31944300607648896
956aa92c83b1f215429e50391400c20dad2476dc7ae1e1788b021116ce5f81e3,6,True,A1_fe_mover,V1NN_inplane,A1_fe_mover,32.60344369332584,0.6610144571432103,,1,OTHER,1,1,0,2.4871801287854285,1.2857837473397353,NiFe_Ni95_Fe05_T500_9vac,873,0.6610144571432102,,0.31396965439106417
30c1fbfdb544db25b2ae70a0565aeb8138f49c9878fc7410551ac677d63abe50,7,True,A1_fe_mover,V1NN_inplane,A1_fe_mover,32.420712934008705,0.6458920610048154,,1,HOLLOW_FCC,1,1,0,2.476807004064459,1.2765475733263385,NiFe_Ni95_Fe05_T800_2vac,318,0.6458920610048153,,0.3122099656327518
7f3a85a2e0ebd221caf9d0099b3aee87375324c0c86ae94ab213d08b3cbc9992,8,True,A1_fe_mover,V1NN_inplane,A1_fe_mover,32.27384770273446,0.6862280410750828,,1,OTHER,1,1,0,2.4657292710782484,1.2600408058501285,NiFe_Ni95_Fe05_T800_7vac,1218,0.6862280410750827,,0.31079566025019856
4412d64d93fac3247c1c625c798d5ff96b7d4a839e5a69c1ea2b9757eacc9c6d,9,True,A1_fe_mover,V1NN_inplane,A1_fe_mover,31.33787055171163,0.5907269971439745,,1,OTHER,1,1,0,2.4650542096221306,1.2704703177876537,NiFe_Ni95_Fe05_T700_6vac,619,0.5907269971439746,,0.3017822435881812
1e504c7198e3d9ac4f736fedd72585d2ede75f0e333971f53e09763b3319a1e0,10,True,A1_fe_mover,V1NN_inplane,A1_fe_mover,30.72398209788782,0.6654699602750044,,1,OTHER,1,1,0,2.483668725225181,1.284374690114126,NiFe_Ni95_Fe05_T600_8vac,825,0.6654699602750043,,0.2958705261789805
8e6f02b3ab9492b2d74ccc39faf49a52bcfd8fe02f0b594132b513ee42c2e13c,11,True,A1_fe_mover,V1NN_inplane,A1_fe_mover,30.168958326197824,0.3236669939615241,,1,HOLLOW_FCC,1,1,0,2.433812655219039,1.0356974008862683,NiFe_Ni95_Fe05_T800_8vac,1773,0.323666993961524,,0.290525672935395
a1eb1b8d1b0e93d2cf3fb9ebd257d1346a334abf32c954b77495b6d9b3cc411a,12,True,A1_fe_mover,V1NN_inplane,A1_fe_mover,30.126277528410924,0.6368872336660562,,2,OTHER,1,1,0,2.4761664913663743,1.2590966620328663,NiFe_Ni95_Fe05_T700_3vac,522,0.6367069817397351,,0.29011465882730453
8475909f39b1ed4d99f7a35ce2c8ef3fc11a7aee60b2589da8c7111e786cfaa9,13,True,A1_fe_mover,V1NN_inplane,A1_fe_mover,30.08147985097042,0.6638165165049941,,1,OTHER,1,1,0,2.4871801287854285,1.2687474392973908,NiFe_Ni95_Fe05_T500_9vac,872,0.6638165165049941,,0.28968325926608596
fbcdf3c2dafba13b7cd95f8dba23be78134a2b33acea9ea1913554c36bf0ce4f,14,True,A1_fe_mover,V1NN_inplane,A1_fe_mover,30.01408417239367,0.6474752935700964,,1,OTHER,1,1,0,2.474665758160553,1.2767314769867082,NiFe_Ni95_Fe05_T800_1vac,615,0.6474752935700963,,0.289034241999406
71ab0234149cc761359875aefc5f28949caedb25bf99d5375244bb1cb51dc42a,15,True,A1_fe_mover,V1NN_inplane,A1_fe_mover,29.684767845850477,0.5479495993443059,,2,OTHER,1,1,0,2.463190560398235,1.2648315856720014,NiFe_Ni95_Fe05_T700_3vac,497,0.6243549320706734,,0.28586294101038606
c0e46583835ad426f1de2e09d231c84a79bcf389b4144cb591e55de6cf128642,16,True,A1_fe_mover,V1NN_inplane,A1_fe_mover,29.502349270989946,0.6527210571894101,,1,OTHER,1,1,0,2.4735977811745293,1.2651835903783792,NiFe_Ni95_Fe05_T800_4vac,553,0.6527210571894102,,0.2841062585739477
33f29bc4b112e7e0912821acfaec5c75c64726e0358d71b0d1ad488876659a51,17,True,A1_fe_mover,V1NN_inplane,A1_fe_mover,29.41361876138665,0.6461421330423037,,1,OTHER,1,1,0,2.470825558847471,1.2695572883972572,NiFe_Ni95_Fe05_T700_2vac,365,0.6461421330423036,,0.2832517878715234
826095692e9f39d98343844a4c3b06be9a8b2eb72ee4d002f4147fa6a815ac82,18,True,A1_fe_mover,V1NN_inplane,A1_fe_mover,29.38593734074389,0.6611454687399599,,1,OTHER,1,1,0,2.4857953080752715,1.266672232226044,NiFe_Ni95_Fe05_T800_1vac,581,0.66114546873996,,0.2829852170713953
6935a824142d9604d2e07a800884c8453968fa15a44e90776e03c6ab6465348c,19,True,A1_fe_mover,V1NN_inplane,A1_fe_mover,29.26205253083963,0.6360248799228431,,1,HOLLOW_FCC,1,1,0,2.454059113914436,1.3395789945656298,NiFe_Ni95_Fe05_T700_10vac,814,0.636024879922843,,0.2817922120834619
b78566861958edd41db125fad883350cd3551ea7b18f94cc6cab81f56309f67f,20,True,A1_fe_mover,V1NN_inplane,A1_fe_mover,28.38133026501032,0.660324519497408,,1,OTHER,1,1,0,2.487557670860017,1.2906126514788485,NiFe_Ni95_Fe05_T800_2vac,664,0.6603245194974079,,0.2733108974095292
47d6b0c5baef6d772d57a98e450ae5228aaf58b58d0f22b9111a57e9b255fd54,21,True,A1_fe_mover,V1NN_inplane,A1_fe_mover,28.25263286840925,0.6264968845389377,,1,HOLLOW_FCC,1,1,0,2.454758753153551,1.1461256503142168,NiFe_Ni95_Fe05_T800_1vac,244,0.6264968845389376,,0.27207154743435646
76fdadd8b917f76a0223636fd397c8548cb2507b322868d57f043278ca1db689,22,True,A1_fe_mover,V1NN_inplane,A1_fe_mover,27.767728744447982,0.6472302222928193,,1,OTHER,1,1,0,2.470825558847471,1.268869355755927,NiFe_Ni95_Fe05_T700_2vac,366,0.6472302222928192,,0.2674019431543618
dfcde3b17335ecf9ff0b0e11bdcc0d806158e13fbc569459cd0a0682eb3438ed,23,True,A1_fe_mover,V1NN_inplane,A1_fe_mover,27.30264395022352,0.6577463499370425,,1,OTHER,1,1,0,2.4906926587942815,1.2755584142301173,NiFe_Ni95_Fe05_T800_4vac,625,0.6577463499370424,,0.26292319810280496
6a2a03a2b83a16ede531db5858edd4e55c9e70fe4ab2dc7bddda22411c3e9166,24,True,A1_fe_mover,V1NN_inplane,A1_fe_mover,27.1438234629202,0.6589742779706287,,1,OTHER,1,1,0,2.486905795379108,1.2885693436379486,NiFe_Ni95_Fe05_T800_1vac,664,0.6589742779706285,,0.2613937641577935
563c4306ae2298053c5a0a2961a828c85b25b3df2cc3276f368be80148a903db,25,True,A1_fe_mover,V1NN_inplane,A1_fe_mover,27.00172012854818,0.6496114479996323,,1,OTHER,1,1,0,2.4832990793528738,1.2669755681413293,NiFe_Ni95_Fe05_T800_9vac,1226,0.6496114479996322,,0.2600253156221029
edd1c4f39dd12457e048ed4fe1c1d2904d393840bfbd7861a61bc7d5fbc1f8aa,26,True,A1_fe_mover,V1NN_inplane,A1_fe_mover,26.85528082010963,0.6812443766239086,,1,HOLLOW_FCC,1,1,0,2.4872023330605257,1.3733206866228636,NiFe_Ni95_Fe05_T500_9vac,756,0.6812443766239085,,0.2586151118567525
5ca7383b6fe11bbd19f1e727a4a26cd1ab812b8459564879cf106dab17b6fd3d,27,True,A1_fe_mover,V1NN_inplane,A1_fe_mover,26.55730832965924,0.6850927303366917,,1,HOLLOW_FCC,1,1,0,2.4850761299487294,1.391579439832894,NiFe_Ni95_Fe05_T500_9vac,777,0.6850927303366916,,0.25574565055920545
a3e562860d24e05cf083f4d745e4da48eb4259598a656d1de908065755747539,28,True,A1_fe_mover,V1NN_inplane,A1_fe_mover,26.52175531151392,0.6241872140108172,,1,OTHER,1,1,0,2.4682687672462653,1.2661043824765714,NiFe_Ni95_Fe05_T700_6vac,203,0.6241872140108171,,0.2554032766393017
330dcba931a45e35f07d1350f931e5c1a3bd051c5ec170e1d8d1a3c30522092e,29,True,A1_fe_mover,V1NN_inplane,A1_fe_mover,26.47691452024991,0.685894091062437,,1,HOLLOW_FCC,1,1,0,2.4863720645280543,1.380094583184245,NiFe_Ni95_Fe05_T800_7vac,768,0.6858940910624369,,0.2549714618939573
6e1aa4478a7f5f26f7107ad04923fff606f76db3d098f37b1469c5537b945a43,30,True,A1_fe_mover,V1NN_inplane,A1_fe_mover,26.44630205534705,0.6537497764147703,,1,OTHER,1,1,0,2.4824657154463123,1.275816544649939,NiFe_Ni95_Fe05_T700_9vac,1412,0.6537497764147702,,0.2546766652732072
abc36c88a99ba62b09f96904c512ec4060783eab54c7ae0f0c5681ca7b8a8f0c,31,True,A1_fe_mover,V1NN_inplane,A1_fe_mover,25.774407851758397,0.519654773361394,,2,OTHER,1,1,0,2.463190560398235,1.2664264227940565,NiFe_Ni95_Fe05_T700_3vac,496,0.5885227108592517,,0.24820635517736683
da6f3fdfd45b2499b776b7d3895518a3c7daf28db7c791a55a49baf585e3bc76,32,True,A1_fe_mover,V1NN_inplane,A1_fe_mover,25.551785292660547,0.622903166992728,,1,OTHER,1,1,0,2.4650542096221306,1.2608674659523023,NiFe_Ni95_Fe05_T700_6vac,620,0.6229031669927281,,0.2460625102327325
385d293b7a2a7a931d2127dfc50daeb7c2bf8dacccdbfb3e5d09c8ed99799d09,33,True,A1_fe_mover,V1NN_inplane,A1_fe_mover,25.49327814272715,0.6604874280028527,,1,OTHER,1,1,0,2.484657758641884,1.2753834924881904,NiFe_Ni95_Fe05_T700_1vac,343,0.6604874280028525,,0.24549908908566653
9e78f405812985015efd72f5ba84bcd5134edf334b8252dd57766ea228b0247e,34,True,A1_fe_mover,V1NN_inplane,A1_fe_mover,25.467730022339023,0.6592822018119479,,1,OTHER,1,1,0,2.4906926587942815,1.2843809274125209,NiFe_Ni95_Fe05_T800_4vac,624,0.6592822018119477,,0.24525306186829493
d9acd8a4f36a89750b5f274220a841c461c4b8d569983a6738a7ce90daf5a905,35,True,A1_fe_mover,V1NN_inplane,A1_fe_mover,25.41466339500778,0.6747500843739546,,1,HOLLOW_FCC,1,1,0,2.489028069192814,1.3823632458827066,NiFe_Ni95_Fe05_T500_10vac,877,0.6747500843739545,,0.24474203270218567
169a81497f4ea4f2ff2d7ff4a88470ecc434c7d3d7ae2e066113a0b002ef14d9,36,True,A1_fe_mover,V1NN_inplane,A1_fe_mover,25.380189404468982,0.5621874174243519,,2,OTHER,1,1,0,2.486679039386422,1.2838083522254002,NiFe_Ni95_Fe05_T800_8vac,979,0.6531448576242838,,0.24441004976821226
6ba75663285e374af675e90fcb3598595681d936c71c21acd41cfbd66001a9f4,37,True,A1_fe_mover,V1NN_inplane,A1_fe_mover,25.3484347996345,0.634017859631561,0.02,5,OTHER,1,1,0,2.4884866526002467,1.2848569165457389,NiFe_Ni95_Fe05_T500_9vac,484,0.6545984055310328,,0.24410425439276093
e3e03d29f1727451d68a7bb30381138cb144617568c658d22be654773aec9090,38,True,A1_fe_mover,V1NN_inplane,A1_fe_mover,25.23351580081123,0.5902825227221912,,1,OTHER,1,1,0,2.4682687672462653,1.2708686485887928,NiFe_Ni95_Fe05_T700_6vac,204,0.5902825227221911,,0.24299758975074043
6da62d3627ac30f51ef955689f3072797d068e321254facf30749184f2cc784a,39,True,A1_fe_mover,V1NN_inplane,A1_fe_mover,25.13080458959625,0.6459330057587068,,1,HOLLOW_FCC,1,1,0,2.476807004064459,1.2697610786540323,NiFe_Ni95_Fe05_T800_2vac,319,0.6459330057587067,,0.242008485538603
613f4bc2f63544ca9958cc58bcf349cf43a9fa5c4e115f80c7a8a1199248c037,40,True,A1_fe_mover,V1NN_inplane,A1_fe_mover,25.040928639820844,0.6605866828858781,,1,OTHER,1,1,0,2.485679294445148,1.2831470636168363,NiFe_Ni95_Fe05_T800_8vac,1438,0.660586682885878,,0.2411429843003142
ccc5382eddbf00c0956f12b3f89edc626e6c7d8a4845188bcc8d0d92696388da,41,True,A1_fe_mover,V1NN_inplane,A1_fe_mover,25.03694487085226,0.5522921255851544,,1,HOLLOW_FCC,1,1,0,2.454758753153551,1.3781240921684026,NiFe_Ni95_Fe05_T800_1vac,245,0.5522921255851543,,0.241104620789453
034a6d891e667ada6136986e44aa0f7d1b7d0134af0a3ce1471db8ff166532d9,42,True,A1_fe_mover,V1NN_inplane,A1_fe_mover,24.65237139758812,0.5448608828319267,,1,HOLLOW_FCC,1,1,0,2.502891518265988,1.1054968839434138,NiFe_Ni95_Fe05_T600_9vac,735,0.5448608828319266,,0.2374011960339438
ddf64d449e15f7a9772ab971e76df2db8ed60e0117243916fd8b863fd1f643ec,43,True,A1_fe_mover,V1NN_inplane,A1_fe_mover,23.85807349482334,0.5402042502000769,,1,HOLLOW_FCC,1,1,0,2.4514099644693257,1.3721961368576532,NiFe_Ni95_Fe05_T800_1vac,247,0.5402042502000768,,0.22975214397795943
0aa4f08deecdee9f0607ad47ecf0e4ae549dc7742ddd23291d4629c5e261e971,44,True,A1_fe_mover,V1NN_inplane,A1_fe_mover,23.198631566525176,0.6538568643400141,,1,HOLLOW_FCC,1,1,0,2.459449618712915,1.2623630679879547,NiFe_Ni95_Fe05_T800_7vac,1473,0.653856864340014,,0.22340174871707066
8164836264d441dc62dc21bb0c0d851ff7a5afc17ee7d87dab51b59135bfd108,45,True,A1_fe_mover,V1NN_inplane,A1_fe_mover,22.86246043987252,0.6373564604582499,,1,OTHER,1,1,0,2.4704766576540442,1.2741099661204673,NiFe_Ni95_Fe05_T800_8vac,744,0.6373564604582498,,0.2201644363201291
6a7da0d13a3d5de310910f02120317c6683836a4fa04d0dda4ffe3326075efa6,46,True,A1_fe_mover,V1NN_inplane,A1_fe_mover,22.814485718463526,0.6453809957884006,,1,HOLLOW_FCC,1,1,0,2.474208069419703,1.2693006128593658,NiFe_Ni95_Fe05_T600_6vac,537,0.6453809957884005,,0.21970244197247762
f5782f4f020aa2b0afb25549eb4938009d2340d8f8a2c92bcc4aeb4bf26e9654,47,True,A1_fe_mover,V1NN_inplane,A1_fe_mover,22.50156147867025,0.6805624166117924,,1,OTHER,1,1,0,2.459449618712915,1.2710008777184636,NiFe_Ni95_Fe05_T800_7vac,1474,0.6805624166117923,,0.21668899602049088
4475babebd7e251e146b0c478a125c865ace71ccf2693aac4e0fe8350fdc9052,48,True,A1_fe_mover,V1NN_inplane,A1_fe_mover,22.485251886001148,0.6602182339547654,,1,OTHER,1,1,0,2.422625471883666,1.2788055426567018,NiFe_Ni95_Fe05_T600_6vac,722,0.6602182339547653,,0.21653193539763937
f5c567b9158da1da828691e27f7b10d00e5d1c9d02e678e1299c16d1e6534258,49,True,A1_fe_mover,V1NN_inplane,A1_fe_mover,22.48442264688354,0.6520566557010169,,1,OTHER,1,1,0,2.4806331965625605,1.2753529871776832,NiFe_Ni95_Fe05_T800_1vac,726,0.652056655701017,,0.21652394986330098
04741e02317c6cf33dd0e3be491b8b6e660675148409a9c22dcda8bfa3ddc8b6,50,True,A1_fe_mover,V1NN_inplane,A1_fe_mover,22.18055540280266,0.6462541580513063,,1,HOLLOW_FCC,1,1,0,2.474208069419703,1.2747071396914273,NiFe_Ni95_Fe05_T600_6vac,538,0.6462541580513061,,0.213597722361009
2436fc2179a7c87903231399b42497e0629cac9db4eed0ab43af8ffa8111e974,51,True,A1_fe_mover,V1NN_inplane,A1_fe_mover,21.99894941829816,0.6575119759882001,,1,OTHER,1,1,0,2.4848715677695274,1.2796186076658664,NiFe_Ni95_Fe05_T600_3vac,198,0.6575119759882,,0.21184886513210532
69e194507327d750cc2297d1ce351055adabaa32003d4deaa580cdaae1d55db8,52,True,A1_fe_mover,V1NN_inplane,A1_fe_mover,21.84706349848809,0.6532799865908602,,1,OTHER,1,1,0,2.472415504569699,1.295051555691411,NiFe_Ni95_Fe05_T600_8vac,757,0.6532799865908601,,0.21038621075123087
9bdfcfa7fef202c308beff7c65ff94c7dff1517be9668f4e58e8afbf3136238d,53,True,A1_fe_mover,V1NN_inplane,A1_fe_mover,21.47569095625822,0.4802763269954085,,1,HOLLOW_FCC,1,1,0,2.496464851933825,1.1727875297264772,NiFe_Ni95_Fe05_T700_9vac,1097,0.48027632699540845,,0.20680991035084975
55cefd5fd1ba138c1fcfa94d2cb41393a8ec02cae5a8a00748bffb1c108d5012,54,True,A1_fe_mover,V1NN_inplane,A1_fe_mover,20.612773443055183,0.6508795412528344,,1,OTHER,1,1,0,2.475546269687274,1.2511144024018255,NiFe_Ni95_Fe05_T600_2vac,309,0.6508795412528343,,0.19850005462098358
8d1e612da4edb578dd17a3a9cd5478a8b34b990b82543a308543a3b91d46de14,55,True,A1_fe_mover,V1NN_inplane,A1_fe_mover,20.17450183271547,0.5807079010082818,,1,HOLLOW_FCC,1,1,0,2.4863720645280543,1.1965634001929382,NiFe_Ni95_Fe05_T800_7vac,767,0.5807079010082816,,0.1942795192897436
b7b090e1d839666e8af9983bad9eb660eb44a014a8530a21e09f76fcd91fc5b7,56,True,A1_fe_mover,V1NN_inplane,A1_fe_mover,20.07669173624718,0.6574900401392371,,1,OTHER,1,1,0,2.4852322556911064,1.2874902751511177,NiFe_Ni95_Fe05_T500_9vac,700,0.657490040139237,,0.1933376125858701
60d4664c77c37dfa0dbb8989730126eec3947d52c77afa873289bbcb5045d308,57,True,A1_fe_mover,V1NN_inplane,A1_fe_mover,19.78575647189488,0.6523543329376481,,1,OTHER,1,1,0,2.4841224666983326,1.2807945868189767,NiFe_Ni95_Fe05_T700_2vac,540,0.652354332937648,,0.19053591945007525
fba5d080ff094cc5a3d7dc229201e5dd11932498c2805837b8ed920e2832387d,58,True,A1_fe_mover,V1NN_inplane,A1_fe_mover,19.78546923854533,0.6541344988218044,,1,OTHER,1,1,0,2.4855485589123867,1.2886786155426064,NiFe_Ni95_Fe05_T800_2vac,557,0.6541344988218043,,0.19053315340620774
d6796752c581666587c9e2bde70ea47eca8b4d61bfe0c79bc6332112fcd71609,59,True,A1_fe_mover,V1NN_inplane,A1_fe_mover,19.61847714459672,0.6574485610890407,,1,OTHER,1,1,0,2.4852322556911064,1.2656491739965685,NiFe_Ni95_Fe05_T500_9vac,699,0.6574485610890406,,0.1889250272672558
3e3b04c2c5bf0aebe5bbb00011cc5819c93f15108f4a368d7d1db68959d6ebee,60,True,A1_fe_mover,V1NN_inplane,A1_fe_mover,19.48339854642104,0.6545783956007655,,1,OTHER,1,1,0,2.4826808265375684,1.286681166099695,NiFe_Ni95_Fe05_T800_1vac,486,0.6545783956007654,,0.18762422661614148
2d198081512be5411dd1e02a11ab8570df49ac369a727c821fb7d0b0a4aa4199,61,True,A1_fe_mover,V1NN_inplane,A1_fe_mover,19.29847099053914,0.5697131525439546,,1,HOLLOW_FCC,1,1,0,2.489028069192814,1.1938584100255547,NiFe_Ni95_Fe05_T500_10vac,876,0.5697131525439545,,0.18584338280854362
cfabccc4a350c920e60a022c1c45c67f13ee1d7493d4cb3eb6fe997c4736ef6d,62,True,A1_fe_mover,V1NN_inplane,A1_fe_mover,19.02647568293955,0.4669730206153161,0.02,5,HOLLOW_FCC,1,1,0,2.486843178178567,1.155522493045303,NiFe_Ni95_Fe05_T300_8vac,65,0.48282876644498174,,0.18322408058003345
ffe6d311358074dea9824531c68ebf3e4089a523773a4cf312559fcff9edc169,63,True,A1_fe_mover,V1NN_inplane,A1_fe_mover,18.9971079800384,0.6551488590102964,,1,OTHER,1,1,0,2.483482735253142,1.2860959342187934,NiFe_Ni95_Fe05_T700_2vac,289,0.6551488590102963,,0.18294127095977172
233ccee6f701941e58a4f4510bd7fdd8980093e9ff0363841e50e6c5cc9629af,64,True,A1_fe_mover,V1NN_inplane,A1_fe_mover,18.84859706526325,0.58054012329103,,1,HOLLOW_FCC,1,1,0,2.486726258535214,1.1855091487605882,NiFe_Ni95_Fe05_T800_7vac,1327,0.5805401232910299,,0.1815111177212413
e7731d99e78fbb6528a47222ef9302e3060420dc12c18c70240511d3e2de095b,65,True,A1_fe_mover,V1NN_inplane,A1_fe_mover,18.8269495786354,0.6540898699622631,,1,HOLLOW_FCC,1,1,0,2.475546269687274,1.2905624877938506,NiFe_Ni95_Fe05_T600_2vac,308,0.654089869962263,,0.18130265342652102
d7cf10426f89d2b41d9bf8a7e9286856d7b276ad28f27112f5e1cf18a113f324,66,True,A1_fe_mover,V1NN_inplane,A1_fe_mover,18.78288727742237,0.6551385046277575,,1,OTHER,1,1,0,2.4826808265375684,1.263943062688159,NiFe_Ni95_Fe05_T800_1vac,485,0.6551385046277574,,0.18087833550435128
4cc00330fa3cd0c194cf1c0464d46208f657d96faace386eea5bf3b60c2ed66f,67,True,A1_fe_mover,V1NN_inplane,A1_fe_mover,18.780855497918576,0.6558656282277299,,1,OTHER,1,1,0,2.486905795379108,1.2666327002340267,NiFe_Ni95_Fe05_T800_1vac,663,0.6558656282277298,,0.1808587695617286
a7a7d49c13a2d05329da6d62ff358c7bf744589597fa136014ff7233c7d14f0e,68,True,A1_fe_mover,V1NN_inplane,A1_fe_mover,18.7547219046688,0.6463934009170772,,1,HOLLOW_FCC,1,1,0,2.4514099644693257,1.1459638084250654,NiFe_Ni95_Fe05_T800_1vac,246,0.6463934009170771,,0.1806071042677858
d50a753269b9aa1c5448a0013c1ae2f0e778ca1f68a660e318b3bd4d2f20c73a,69,True,A1_fe_mover,V1NN_inplane,A1_fe_mover,18.437342935648523,0.5671582902051844,,2,OTHER,1,1,0,2.4799392210013007,1.258018277610297,NiFe_Ni95_Fe05_T800_5vac,312,0.6564498403213292,,0.17755075947943796
92d4ec76bd65a1075193f5f705e21b438cb1b819b661972d676eb431fa089c74,70,True,A1_fe_mover,V1NN_inplane,A1_fe_mover,18.40226629659449,0.6607636521039241,,1,OTHER,1,1,0,2.4848715677695274,1.2722247552609764,NiFe_Ni95_Fe05_T600_3vac,199,0.660763652103924,,0.17721297306814396
caeacfbcc2513f15e136cc1aa550be22e03faba21fe3b10fc5a96752c29b1fb6,71,True,A1_fe_mover,V1NN_inplane,A1_fe_mover,18.2767858699482,0.68694175069777,,1,HOLLOW_FCC,1,1,0,2.487284443522028,1.3606521053718421,NiFe_Ni95_Fe05_T800_7vac,1329,0.6869417506977697,,0.17600460236480492
6d3144bb685ccb15588f1119bcdc84007a52d4b3ade1ca9cbe3745e643807c52,72,True,A1_fe_mover,V1NN_inplane,A1_fe_mover,18.23196101606817,0.652437281359198,,1,OTHER,1,1,0,2.4806331965625605,1.2734838648453866,NiFe_Ni95_Fe05_T800_1vac,725,0.6524372813591981,,0.17557294109573093
cabcde24b79c80c948a1a4307583e056f8bc1de99d26dc2d69d8cc3e2ade3d58,73,True,A1_fe_mover,V1NN_inplane,A1_fe_mover,18.13076845244223,0.5652038887878564,,2,OTHER,1,1,0,2.486679039386422,1.2714738199648867,NiFe_Ni95_Fe05_T800_8vac,980,0.6515637103984773,,0.17459846138961677
9045390df26ffeba98b466f7c812b41c3d46c4f542ce9f78d0a407fd3c967ed1,74,True,A1_fe_mover,V1NN_inplane,A1_fe_mover,18.08315913456128,0.656045402286509,,1,OTHER,1,1,0,2.487557670860017,1.266188602998435,NiFe_Ni95_Fe05_T800_2vac,663,0.6560454022865088,,0.17413998586103524
3e76c6620c282a1a9bd325248b9e1bbbe350d5cd58f55f2bcdc30f21464c8f56,75,True,A1_fe_mover,V1NN_inplane,A1_fe_mover,18.05472841057349,0.6858041198211141,,1,HOLLOW_FCC,1,1,0,2.486726258535214,1.3902448080258836,NiFe_Ni95_Fe05_T800_7vac,1328,0.685804119821114,,0.17386619930436048
b24ac1c62ab8a3ed68661faa53caf61534d38fd6af3007d275df62f13ff3885f,76,True,A1_fe_mover,V1NN_inplane,A1_fe_mover,18.052636014694112,0.6529444450952725,,1,OTHER,1,1,0,2.4810371449060904,1.2630191464327394,NiFe_Ni95_Fe05_T700_7vac,818,0.6529444450952724,,0.17384604962884534
546a253b40ff0720f0880cfa17dda3d45b04dd07a5fed071e0f07ef55bb08699,77,True,A1_fe_mover,V1NN_inplane,A1_fe_mover,17.945148408588594,0.8370041264024622,,1,HOLLOW_FCC,1,1,0,2.496464851933825,1.442704289538079,NiFe_Ni95_Fe05_T700_9vac,1098,0.8370041264024621,,0.17281094895488858
570f62b117ac4002e268d73258bc5daa691e29ab60b8825dcfc8f454e708d3a3,78,True,A1_fe_mover,V1NN_inplane,A1_fe_mover,17.92128428270666,0.6562551518636612,,1,OTHER,1,1,0,2.4855485589123867,1.2690353721431566,NiFe_Ni95_Fe05_T800_2vac,558,0.656255151863661,,0.17258113852670276
06ac566610a66aa952546cadcd3f5df96e0752a11b85ec322493919119d0c05b,79,True,A1_fe_mover,V1NN_inplane,A1_fe_mover,17.71487149146161,0.6743562820211083,,1,OTHER,1,1,0,2.480669987346606,1.2827636483401879,NiFe_Ni95_Fe05_T700_1vac,315,0.6743562820211082,,0.17059339289655726
a5a66493ff1a8db11e53a0a1c5c5ef59e9238671a012d6846eed413c7beefff8,80,True,A1_fe_mover,V1NN_inplane,A1_fe_mover,17.7015632639169,0.6541201505926189,,2,OTHER,1,1,0,2.4819621571925343,1.2564548617022397,NiFe_Ni95_Fe05_T700_3vac,541,0.6540760207026324,,0.17046523528099758
4598c1f1cb80888db47d5aafb85a0dbd8ec2a3d34fcf7127523713b55759523f,81,True,A1_fe_mover,V1NN_inplane,A1_fe_mover,17.598725374952895,0.6587024363470845,,1,OTHER,1,1,0,2.4817330809976377,1.275542275463389,NiFe_Ni95_Fe05_T800_1vac,515,0.6587024363470846,,0.1694749111679977
cf234e9de15f72bb0dfb0bd147ba3f4ff4c7f3f403be2b801d092eee8da0659e,82,True,A1_fe_mover,V1NN_inplane,A1_fe_mover,17.45680781623575,0.5459466431429975,,1,HOLLOW_FCC,1,1,0,2.5032999458833114,1.125512031113256,NiFe_Ni95_Fe05_T800_6vac,315,0.5459466431429973,,0.16810825164326879
03e7a677a83933eaeedf8799b6f891e958e076cee50e821fb7a6075161685f01,83,True,A1_fe_mover,V1NN_inplane,A1_fe_mover,16.961260612809085,0.638448260227051,,1,OTHER,1,1,0,2.4704766576540442,1.272424160411273,NiFe_Ni95_Fe05_T800_8vac,745,0.6384482602270509,,0.163336155000417
644d582e3dcc8d7cf941f366f0c747a680025cd62d6a6e12328a0ad478e558d2,84,True,A1_fe_mover,V1NN_inplane,A1_fe_mover,16.9058200936486,0.6546692694537343,,1,OTHER,1,1,0,2.484478691923521,1.280404585682135,NiFe_Ni95_Fe05_T700_1vac,291,0.6546692694537342,,0.1628022653658186
aaabe71be3356b5631059147ad06fa5a4c6db322bac64f28d4246e66611d97a5,85,True,A1_fe_mover,V1NN_inplane,A1_fe_mover,16.69271893641228,0.6532080188108013,,1,OTHER,1,1,0,2.4832990793528738,1.2859345725903721,NiFe_Ni95_Fe05_T800_9vac,1225,0.6532080188108011,,0.1607501110806098
f5720a2c6b667ba4747fca8e63d429800a12d45f0386bee4561bf6f50724bbc0,86,True,A1_fe_mover,V1NN_inplane,A1_fe_mover,16.690100581600973,0.6583355417669735,,1,HOLLOW_FCC,1,1,0,2.4817330809976377,1.272533473904741,NiFe_Ni95_Fe05_T800_1vac,516,0.6583355417669736,,0.16072489644491328
17ddbdd4c40dbcd9d64073510325e10537be9141146bdc110694899f1c65d1dc,87,True,A1_fe_mover,V1NN_inplane,A1_fe_mover,16.680625286519323,0.6602851842426388,,1,OTHER,1,1,0,2.4892972697431426,1.2917602718053778,NiFe_Ni95_Fe05_T800_1vac,557,0.6602851842426389,,0.16063364979164493
cd074f69d300aaa2c162d739e70241b52bb4ab86bdfd5b8071dad26ee4db9636,88,True,A1_fe_mover,V1NN_inplane,A1_fe_mover,16.67043957464596,0.6571802889993706,,1,OTHER,1,1,0,2.4841224666983326,1.275834407407794,NiFe_Ni95_Fe05_T700_2vac,541,0.6571802889993705,,0.16053556185753934
650e0a68ecf869d5d56685bf5411bff8c7caedf502b5af44682b1c7fd88cdd5d,89,True,A1_fe_mover,V1NN_inplane,A1_fe_mover,16.59169157031974,0.6357166947422216,0.02,5,OTHER,1,1,0,2.488720350353129,1.2820033469085703,NiFe_Ni95_Fe05_T300_10vac,167,0.662948857817355,,0.1597772222190995
48235014ed7599ff69aa7bb2aac015ff34211d5242056e80a65852dc3197a433,90,True,A1_fe_mover,V1NN_inplane,A1_fe_mover,16.452172999186843,0.8466096268139154,,1,HOLLOW_FCC,1,1,0,2.502891518265988,1.5155032691953143,NiFe_Ni95_Fe05_T600_9vac,736,0.8466096268139154,,0.15843366483381943
a4691281e662785b184b3beb4211165a0a3458e5c1e231b70d17685957e04298,91,True,A1_fe_mover,V1NN_inplane,A1_fe_mover,16.303531247764564,0.6589362478553086,,1,OTHER,1,1,0,2.484657758641884,1.2753348573237182,NiFe_Ni95_Fe05_T700_1vac,344,0.6589362478553085,,0.1570022516444302
912c5f602b975b26505fe28f24672fb0208604468c18ac1fe1e581aa0e92ef9f,92,True,A1_fe_mover,V1NN_inplane,A1_fe_mover,16.266427742848922,0.643098815448866,,1,OTHER,1,1,0,2.472939304777949,1.2833138345521233,NiFe_Ni95_Fe05_T800_7vac,1180,0.6430988154488659,,0.15664494660866046
52ce824fa1617d98c5469059ac84cf7d5ab79a9aa22b843b005ef0bf3cb4c89e,93,True,A1_fe_mover,V1NN_inplane,A1_fe_mover,16.258552395800987,0.6542667608928243,,1,OTHER,1,1,0,2.4657292710782484,1.279189611775732,NiFe_Ni95_Fe05_T800_7vac,1217,0.6542667608928241,,0.1565691073809363
87a154445d9dec83d92a41b605380fb2e916705e81d2608e9fb4cd925b2239c5,94,True,A1_fe_mover,V1NN_inplane,A1_fe_mover,15.84358234983603,0.6476680991763716,,1,OTHER,1,1,0,2.4764318807684145,1.2815386613932778,NiFe_Ni95_Fe05_T800_8vac,575,0.6476680991763715,,0.15257296503659457
494bfd39f9ccb40b76a5d3c7489ee458355aaade2025722a60fc2f11250f9f5c,95,True,A1_fe_mover,V1NN_inplane,A1_fe_mover,15.777795686988124,0.8500940262547375,,1,HOLLOW_FCC,1,1,0,2.5032999458833114,1.496607737376723,NiFe_Ni95_Fe05_T800_6vac,314,0.8500940262547374,,0.15193944251694347
443f3244219d1a2c9ea7d0f8512c96f86c7741d3e7aed6541b345604ded65d09,96,True,A1_fe_mover,V1NN_inplane,A1_fe_mover,14.851213756594454,0.6590286934006144,,1,OTHER,1,1,0,2.485315749922625,1.2865713676120258,NiFe_Ni95_Fe05_T500_7vac,225,0.6590286934006144,,0.14301650139492147
06be1635656adaec9bcf5bfa4ba06110638bce382e412bd0e5c5f3f08e633b7e,97,True,A1_fe_mover,V1NN_inplane,A1_fe_mover,14.71625390942726,0.6503750450656299,,1,OTHER,1,1,0,2.481695974592588,1.272490166854348,NiFe_Ni95_Fe05_T700_5vac,370,0.6503750450656298,,0.14171684431052492
3c667dd6c2f95b14e6c0d1463a6d1429e4f6fca6cb48bd5bc9124c625d644501,98,True,A1_fe_mover,V1NN_inplane,A1_fe_mover,14.606006329794331,0.6575479343828193,,1,OTHER,1,1,0,2.483482735253142,1.2661169542056656,NiFe_Ni95_Fe05_T700_2vac,290,0.6575479343828192,,0.14065516521918747
4e30df3846b24dfc7a49d8e3309f8e27514ca8357c2fcb0475a889b77fec725c,99,True,A1_fe_mover,V1NN_inplane,A1_fe_mover,14.599336960178906,0.8080022890104135,0.02,5,HOLLOW_FCC,1,1,0,2.486843178178567,1.4474235009599417,NiFe_Ni95_Fe05_T300_8vac,64,0.8305073462815926,,0.14059093949834467
c301dd3d5a409530bdfb8d5efc5dbfaceef86b34ce88325597cce60d4e8b211a,100,True,A1_fe_mover,V1NN_inplane,A1_fe_mover,14.569167914578673,0.649572121041274,,1,OTHER,1,1,0,2.472415504569699,1.2485945705848769,NiFe_Ni95_Fe05_T600_8vac,756,0.6495721210412739,,0.14030041298496435
b567430063a1082907c010253ffba0fdd103704cc54167465e15098079f8b572,101,True,A1_fe_mover,V1NN_inplane,A1_fe_mover,14.441993091306887,0.6497327528654314,,2,OTHER,1,1,0,2.477887788448954,1.2781800253428899,NiFe_Ni95_Fe05_T600_4vac,662,0.647889396203027,,0.13907572532051188
0042da7199ff9951e34eafeb9c7a62212331d73ee161dea94c8aa422bc34ffa2,102,True,A1_fe_mover,V1NN_inplane,A1_fe_mover,14.37057672594158,0.5753059319023562,,2,HOLLOW_FCC,1,1,0,2.4799392210013007,1.2908837536811972,NiFe_Ni95_Fe05_T800_5vac,313,0.6619020536554672,,0.13838798902607247
37739519fb710cae04a5395400566bdbbbeda6bd53982d3aaaebd66d1954b717,103,True,A1_fe_mover,V1NN_inplane,A1_fe_mover,14.234241673256385,0.5875318564249029,,1,OTHER,1,1,0,2.4644741990781966,1.2656386526021293,NiFe_Ni95_Fe05_T700_7vac,852,0.5875318564249028,,0.1370750887761605
1df1b287980e923fead571709066435982191416fde1ea2f6d669cf27aa6371d,104,True,A1_fe_mover,V1NN_inplane,A1_fe_mover,13.5889580807569,0.6368104038465391,,1,OTHER,1,1,0,2.472939304777949,1.2529727350351834,NiFe_Ni95_Fe05_T800_7vac,1181,0.636810403846539,,0.1308610376339874
256567b2d479d73d5e76cf8bb1f50d60f19163e1f1782fb1991fa6e349296ca4,105,True,A1_fe_mover,V1NN_inplane,A1_fe_mover,13.367466692142106,0.6503561252975488,,1,OTHER,1,1,0,2.474798395402395,1.2786029382869994,NiFe_Ni95_Fe05_T800_5vac,548,0.6503561252975487,,0.12872808580877212
82c0d7113c85ef1a40e5fe9247edae87a07eaef20d77b9301134965d801e87c8,106,True,A1_fe_mover,V1NN_inplane,A1_fe_mover,13.32104148568467,0.6747572412232331,,1,OTHER,1,1,0,2.483421833208022,1.2824939597560718,NiFe_Ni95_Fe05_T800_1vac,279,0.674757241223233,,0.12828101321841692
37f75c804c969cabbbbf4f111ca02ccdfd5c5ae2c71d0e0611f551a31d6e25c1,107,True,A1_fe_mover,V1NN_inplane,A1_fe_mover,13.28293561313754,0.6430303384204309,,1,OTHER,1,1,0,2.483421833208022,1.2663612557943003,NiFe_Ni95_Fe05_T800_1vac,280,0.6430303384204308,,0.12791405542872974
d8d72d9a0e94cf9e9a461d982dbc648081f2bd91aa8042f3a22c01618bfaf646,108,True,A1_fe_mover,V1NN_inplane,A1_fe_mover,13.12644462146349,0.6192506222332669,,1,OTHER,1,1,0,2.4641648681545987,1.2694014218178824,NiFe_Ni95_Fe05_T800_7vac,401,0.6192506222332668,,0.12640705441885564
e69b0c0b13af8372691d0fd7f2ea9a4d9ae72ff512c1d7e1b6f624f6991f9825,109,True,A1_fe_mover,V1NN_inplane,A1_fe_mover,13.03413947879232,0.658437134423366,,1,OTHER,1,1,0,2.4862265284184404,1.285468765440744,NiFe_Ni95_Fe05_T700_2vac,319,0.6584371344233659,,0.12551816016536554
eda1e30c05c72c6a154d6e00b9dbcc17ec3bf2ad23f011dc194a69e81acfa381,110,True,A1_fe_mover,V1NN_inplane,A1_fe_mover,12.92908730168577,0.6625622667415881,,1,OTHER,1,1,0,2.4892972697431426,1.265192232747235,NiFe_Ni95_Fe05_T800_1vac,558,0.6625622667415882,,0.12450651255999542
64d35842023b0560bc4bb3965018d5b6287494f229cccbe9c4e5d721c076a824,111,True,A1_fe_mover,V1NN_inplane,A1_fe_mover,12.90325558909808,0.6589914586456872,,1,OTHER,1,1,0,2.483509395328155,1.2905164787966803,NiFe_Ni95_Fe05_T600_1vac,254,0.6589914586456871,,0.12425775436286221
f139ab3df51527840449da98767c51f66a727ccef8e9be579b99fd3b53c621ec,112,True,A1_fe_mover,V1NN_inplane,A1_fe_mover,12.727484818597024,0.6710450210812268,,1,OTHER,1,1,0,2.475000461915354,1.274736488996547,NiFe_Ni95_Fe05_T500_8vac,513,0.6710450210812269,,0.12256508997484958
39b7e5a875a1d34f800e5f98eaeae750d8ecd4282b1447d13383f8e238b8304d,113,True,A1_fe_mover,V1NN_inplane,A1_fe_mover,12.721340443915494,0.657772019820615,,2,HOLLOW_FCC,1,1,0,2.4819621571925343,1.2947491250602254,NiFe_Ni95_Fe05_T700_3vac,542,0.6577385645214235,,0.12250591993093167
01fa4365e7554b423519b241da0e79ee8592c417e5bf84cc33a9b8ba12e5742d,114,True,A1_fe_mover,V1NN_inplane,A1_fe_mover,12.43173724784876,0.6419042756479031,,1,OTHER,1,1,0,2.4749124792957105,1.2788270734894889,NiFe_Ni95_Fe05_T700_2vac,434,0.641904275647903,,0.11971705455109961
362fe72c0dd15b98d80e7b849ae2311d996320f764e7acde07a24e374bc5fc7c,115,True,A1_fe_mover,V1NN_inplane,A1_fe_mover,12.042874845736597,0.580903204129754,,1,HOLLOW_FCC,1,1,0,2.4821435042464035,1.1866652876636574,NiFe_Ni95_Fe05_T800_7vac,786,0.5809032041297542,,0.11597232760920825
edde35363ca4439fd1b49ac1c19053fe0fecdaae46fb7f4ef800b62e635bc46c,116,True,A1_fe_mover,V1NN_inplane,A1_fe_mover,11.88185729412265,0.6607333763549833,,1,OTHER,1,1,0,2.483509395328155,1.2618125622411656,NiFe_Ni95_Fe05_T600_1vac,253,0.6607333763549832,,0.11442173603653107
726d14e1de87fba36b320ca47bbf2f8861fee2da0390e19bcc3795580adb8491,117,True,A1_fe_mover,V1NN_inplane,A1_fe_mover,11.6445845590611,0.5986359286553126,,1,HOLLOW_FCC,1,1,0,2.405861960631959,1.224674963345287,NiFe_Ni95_Fe05_T800_6vac,1808,0.5986359286553125,,0.11213681057514653
067cf4e1e5aeafe0eb5b7afc976cfc574e8a07e06d57c053dea9317c6287b6de,118,True,A1_fe_mover,V1NN_inplane,A1_fe_mover,11.498751389890709,0.6583958482451636,,1,OTHER,1,1,0,2.484451176849241,1.2863302303222777,NiFe_Ni95_Fe05_T800_10vac,400,0.6583958482451635,,0.11073244390290589
bbc9e5ce26f41b0c0be78754da3637b7a431db3143aab982296cb912650fbd47,119,True,A1_fe_mover,V1NN_inplane,A1_fe_mover,11.206654341574495,0.6530373182495169,,1,OTHER,1,1,0,2.468927764828304,1.265752467067994,NiFe_Ni95_Fe05_T800_9vac,1039,0.6530373182495168,,0.10791956284128769
b3b726ff3b998307b9eb35998c508ef0086d2c8ccefcd35b907248cc4d80924e,120,True,A1_fe_mover,V1NN_inplane,A1_fe_mover,10.74641169011734,0.8586823201676453,,1,HOLLOW_FCC,1,1,0,2.509638901530548,1.508193113708171,NiFe_Ni95_Fe05_T800_6vac,1444,0.8586823201676452,,0.10348744740056168
46d292738ecda198035cb3a1d69ec2f7243d2ef3bbed784488c21ee5de994372,121,True,A1_fe_mover,V1NN_inplane,A1_fe_mover,10.73276439685858,0.6426309914340892,,1,OTHER,1,1,0,2.4620596852223535,1.2834255552601685,NiFe_Ni95_Fe05_T800_6vac,1601,0.6426309914340891,,0.10335602459786236
673a77ccdb107eed840425f27f1b7bb2bba1d0792ed14c2aff3a9b9e269f918c,122,True,A1_fe_mover,V1NN_inplane,A1_fe_mover,10.71502886846984,0.8510832096108062,,1,HOLLOW_FCC,1,1,0,2.5059751399103223,1.4841939949779657,NiFe_Ni95_Fe05_T800_9vac,883,0.8510832096108061,,0.1031852322800007
9ed34ebd3ff9f7bb0cbe8cb9e738f51eb0c7ee8cd305f4fb9bc830133c008cc3,123,True,A1_fe_mover,V1NN_inplane,A1_fe_mover,10.59306496909914,0.6567201066864071,,1,HOLLOW_FCC,1,1,0,2.469665392910397,1.2797532016381703,NiFe_Ni95_Fe05_T800_9vac,1085,0.6567201066864072,,0.10201072557163592
48bbd4cab7cc769fc836ddf841bfc6d043f91435d21df3eb3e4c17a5e1f0a857,124,True,A1_fe_mover,V1NN_inplane,A1_fe_mover,10.330680754857376,0.6835077194473341,,1,HOLLOW_FCC,1,1,0,2.4821435042464035,1.3843899684237853,NiFe_Ni95_Fe05_T800_7vac,785,0.6835077194473342,,0.09948397772751104
b70e20f8a8b4ea574c9775e638efadd92c8f43bf38f102424b9eb4274438fc42,125,True,A1_fe_mover,V1NN_inplane,A1_fe_mover,10.286767960080615,0.5913414385624058,,2,OTHER,1,1,0,2.484264340614071,1.2670722807064052,NiFe_Ni95_Fe05_T600_1vac,155,0.659284666809981,,0.09906109954540576
ec52ae67f3297ced2d52072667360a5b56c9fd2229488a6290eceee1b481bc07,126,True,A1_fe_mover,V1NN_inplane,A1_fe_mover,10.10132597757332,0.6501814266248404,,1,OTHER,1,1,0,2.481695974592588,1.2769438226815661,NiFe_Ni95_Fe05_T700_5vac,371,0.6501814266248402,,0.09727530183320494
51aebfa690724eb825d9ed9d518fb3de30f2192e0e84f3208904041386451662,127,True,A1_fe_mover,V1NN_inplane,A1_fe_mover,10.06489171529896,0.6519119424920065,,1,OTHER,1,1,0,2.478472002861546,1.2654190712591402,NiFe_Ni95_Fe05_T700_7vac,830,0.6519119424920063,,0.0969244415731087
0caca7011b59e3151b3ee81823dd0ce4e3932e73ced4c00a0d0c4c2b4a4c0533,128,True,A1_fe_mover,V1NN_inplane,A1_fe_mover,10.038087087914343,0.6568306237149956,,1,HOLLOW_FCC,1,1,0,2.4862265284184404,1.2730525952576786,NiFe_Ni95_Fe05_T700_2vac,320,0.6568306237149955,,0.09666631425149229
b21eefe803051252a5f977071024b8ffeb8ca6cfe21b896ae321116b4a359e30,129,True,A1_fe_mover,V1NN_inplane,A1_fe_mover,10.023232513509049,0.6270096311154704,,1,HOLLOW_FCC,1,1,0,2.4673457937570604,1.2654099459681933,NiFe_Ni95_Fe05_T800_6vac,452,0.6270096311154703,,0.09652326538720586
7c98dafdb1ba2e86379aa21c2b530faf3c7d81a3fc76704c54c9766a95570baa,130,True,A1_fe_mover,V1NN_inplane,A1_fe_mover,9.40973779306858,0.6710250148025808,,1,OTHER,1,1,0,2.4751252606944383,1.2629916392371006,NiFe_Ni95_Fe05_T700_1vac,230,0.6710250148025807,,0.09061533961227101
0d52969dd8f6fca73d248a6221cff1729307dc5acc1c13db4f397e52dbff0d94,131,True,A1_fe_mover,V1NN_inplane,A1_fe_mover,9.289623455422657,0.6554730621355702,,1,OTHER,1,1,0,2.485562032210055,1.2815483181533651,NiFe_Ni95_Fe05_T600_8vac,255,0.6554730621355702,,0.08945864409774713
d35fca55b44022e3c530f751cfc66547d52a3c61576c9ebe9b3918ebf00fad73,132,True,A1_fe_mover,V1NN_inplane,A1_fe_mover,9.08570344586644,0.5831373349928982,,1,HOLLOW_FCC,1,1,0,2.487284443522028,1.2116997126642226,NiFe_Ni95_Fe05_T800_7vac,1330,0.5831373349928981,,0.08749490383993828
ea7e7183708e1d04459dddadd1ca70913790a1825c994eabfc77de62273297d6,133,True,A1_fe_mover,V1NN_inplane,A1_fe_mover,8.94155871194235,0.6481980926155303,,1,OTHER,1,1,0,2.474665382845521,1.2780058448926777,NiFe_Ni95_Fe05_T600_5vac,356,0.6481980926155302,,0.08610679672100523
225b7a579c425aac499e20e7ce674fc890dbfaa4207b2a8bd9eb3ea7426fc335,134,True,A1_fe_mover,V1NN_inplane,A1_fe_mover,8.790697101570458,0.657897006138228,,1,OTHER,1,1,0,2.4870541861460076,1.2781328803683676,NiFe_Ni95_Fe05_T700_3vac,587,0.6578970061382279,,0.08465400639263149
43ef3db7f925506f0d16e6919f94b06d3305361c3074d5d87c56b9620df9309d,135,True,A1_fe_mover,V1NN_inplane,A1_fe_mover,8.674399053920784,0.5839248446718559,,1,OTHER,1,1,0,2.4641648681545987,1.263443506455768,NiFe_Ni95_Fe05_T800_7vac,402,0.5839248446718557,,0.08353406157421346
0aa6466c864e2f4e37b4c6210795c0e5ab0929e93e03e0dd1b6cfa989f02e3c3,136,True,A1_fe_mover,V1NN_inplane,A1_fe_mover,8.59632582597238,0.6435061646434405,,1,HOLLOW_FCC,1,1,0,2.4692260328969664,1.2647476420488748,NiFe_Ni95_Fe05_T800_9vac,1202,0.6435061646434406,,0.08278222000107398
e6ef5228fd42b4071df81877a320830a3a55141b3387345a00ec493a88ef4457,137,True,A1_fe_mover,V1NN_inplane,A1_fe_mover,8.5144739472692,0.8541656035131383,,1,HOLLOW_FCC,1,1,0,2.509429634644691,1.4863082867402053,NiFe_Ni95_Fe05_T800_10vac,1047,0.8541656035131382,,0.08199399019598264
9682607a9ee27d679a30acdb41f1016251404bb9989350fcec4f40df251134db,138,True,A1_fe_mover,V1NN_inplane,A1_fe_mover,8.38770810611534,0.6711035439993794,,1,OTHER,1,1,0,2.4749124792957105,1.2624231796912133,NiFe_Ni95_Fe05_T700_2vac,435,0.6711035439993793,,0.08077324101040449
300968e350130c3d040d3563a96fd6c1cf8be9f180b070a10b5744f85aab6bcb,139,True,A1_fe_mover,V1NN_inplane,A1_fe_mover,8.330555088034806,0.5462511512050697,,1,HOLLOW_FCC,1,1,0,2.509429634644691,1.1439939109863613,NiFe_Ni95_Fe05_T800_10vac,1048,0.5462511512050696,,0.08022286009043361
b6b53b0b126a98251dd30454534f7be6bf0a1412b0cba0882e90f1714acce1af,140,True,A1_fe_mover,V1NN_inplane,A1_fe_mover,8.16030659120669,0.5804994594682286,,1,HOLLOW_FCC,1,1,0,2.482649259865675,1.1986799396488779,NiFe_Ni95_Fe05_T800_7vac,756,0.5804994594682285,,0.07858337494240723
b4944f604476f9d01f392a6774d489fc08b57e70d1057be9b410668fecc68d5b,141,True,A1_fe_mover,V1NN_inplane,A1_fe_mover,8.15998429246816,0.6585879261756419,,1,OTHER,1,1,0,2.4673457937570604,1.2725941830669787,NiFe_Ni95_Fe05_T800_6vac,451,0.6585879261756418,,0.07858027122046612
fcfba106c04f4249f788e0422807beeed25370e1e82b9c9f37efafa348face83,142,True,A1_fe_mover,V1NN_inplane,A1_fe_mover,8.13859122432109,0.6556909437995274,,1,OTHER,1,1,0,2.485562032210055,1.2750295021032831,NiFe_Ni95_Fe05_T600_8vac,256,0.6556909437995273,,0.07837425696394527
e6ba7ce8332e193710e981485b8dc48dba40f1f9e1dd54978a5425848ee0fa83,143,True,A1_fe_mover,V1NN_inplane,A1_fe_mover,8.04722166581829,0.5479834145462519,,1,HOLLOW_FCC,1,1,0,2.509638901530548,1.1200530867018892,NiFe_Ni95_Fe05_T800_6vac,1445,0.5479834145462519,,0.07749437234271243
c4350070b96ab77cdb7a020f798883b985e8f150640230f347bd0194ec27653d,144,True,A1_fe_mover,V1NN_inplane,A1_fe_mover,7.912221968654904,0.6568185502474079,,1,OTHER,1,1,0,2.4822291701725963,1.281552939393264,NiFe_Ni95_Fe05_T800_3vac,323,0.656818550247408,,0.07619433150469619
15314acfc4bb57d6482b14205e02b94fe521416a353ba88cc2b7c917db460321,145,True,A1_fe_mover,V1NN_inplane,A1_fe_mover,7.784027978749392,0.5436198423649331,,1,HOLLOW_FCC,1,1,0,2.5059751399103223,1.1406227062203835,NiFe_Ni95_Fe05_T800_9vac,882,0.543619842364933,,0.07495982931271196
03c48574dba1ee8b03ba81d52ccebbb4d8d47d4269a3ab50fc049ebd19a52d0d,146,True,A1_fe_mover,V1NN_inplane,A1_fe_mover,7.687259527503721,0.6489662165131448,,1,OTHER,1,1,0,2.47615575168055,1.2582630415187421,NiFe_Ni95_Fe05_T700_1vac,183,0.6489662165131449,,0.0740279536041413
ca1a9f0bdbe8cfd108e7ec7ceea7100b064fb899b8c56558b30d1b4d0424e2f3,147,True,A1_fe_mover,V1NN_inplane,A1_fe_mover,7.62793547765302,0.6700491467363464,,1,HOLLOW_FCC,1,1,0,2.4554863361085952,1.2651458189680707,NiFe_Ni95_Fe05_T800_7vac,1447,0.6700491467363463,,0.07345666574866498
3af57ea87566946cf825511df8c2ab0392fe5a65864823f18f41a8b200adbea3,148,True,A1_fe_mover,V1NN_inplane,A1_fe_mover,7.6206813796342,0.6499519718008743,,1,OTHER,1,1,0,2.4741922465045576,1.2855449335172227,NiFe_Ni95_Fe05_T700_1vac,210,0.6499519718008742,,0.07338680912034955
3678469a338dec1afe6d46bc866c3702ec7552ed3dd4ebc2c361a52d03363d14,149,True,A1_fe_mover,V1NN_inplane,A1_fe_mover,7.61761303857058,0.6543835922539075,,1,OTHER,1,1,0,2.481775254281677,1.2800265263355488,NiFe_Ni95_Fe05_T700_2vac,514,0.6543835922539074,,0.07335726113786156
f49c91ccbf84b276539a2484ec2d7a852e2dd16eba724733c803fc86010e7a4f,150,True,A1_fe_mover,V1NN_inplane,A1_fe_mover,7.60061770660757,0.6321211192498597,,1,OTHER,1,1,0,2.419727683039602,1.242280361731405,NiFe_Ni95_Fe05_T800_6vac,1705,0.6321211192498595,,0.073193596877335
d68db0902c2dd414da86b1f60310480de453e258eef45a236a6d43b4fad404ad,151,True,A1_fe_mover,V1NN_inplane,A1_fe_mover,7.562441887617819,0.6523802646033802,,1,OTHER,1,1,0,2.4751498468227937,1.2715992124766657,NiFe_Ni95_Fe05_T800_7vac,1399,0.6523802646033801,,0.07282596550664142
634d8e1d319ec47f50271ddad998b588ec528f5d26507316f3c635a87e663fcb,152,True,A1_fe_mover,V1NN_inplane,A1_fe_mover,7.44468328630473,0.6567350999721385,,1,OTHER,1,1,0,2.484478691923521,1.2731371258767912,NiFe_Ni95_Fe05_T700_1vac,292,0.6567350999721384,,0.07169195562401622
694f5360a5b0a93eca61822f466cb29c02e8f27f25da5812eef1bd83157e36c6,153,True,A1_fe_mover,V1NN_inplane,A1_fe_mover,7.30275869306925,0.6507411276579659,,1,OTHER,1,1,0,2.47615575168055,1.2866155626315665,NiFe_Ni95_Fe05_T700_1vac,184,0.650741127657966,,0.07032522835720122
4d271b8fd8da9ca45906948170accb2c1bfa772555f91169f3a47716c9ec8e0e,154,True,A1_fe_mover,V1NN_inplane,A1_fe_mover,7.270631723872986,0.8516340218748153,,1,HOLLOW_FCC,1,1,0,2.5056972383980045,1.4974937382187534,NiFe_Ni95_Fe05_T800_6vac,1641,0.8516340218748155,,0.07001584713017311
2778f803412d379a3883dcc64ddfdc3d5a06e43245c3c075f28718d2b90d4b9c,155,True,A1_fe_mover,V1NN_inplane,A1_fe_mover,7.2521652094588,0.659032313802527,,1,OTHER,1,1,0,2.4653723016982303,1.2683647290372382,NiFe_Ni95_Fe05_T600_1vac,237,0.6590323138025269,,0.06983801545070495
f64c0cf6f4bf6163e227d09e400217c18ac5abadb4fe69df5587e1c90a934688,156,True,A1_fe_mover,V1NN_inplane,A1_fe_mover,7.16336385736135,0.6688364768442626,,1,OTHER,1,1,0,2.460788502998948,1.2607810569352966,NiFe_Ni95_Fe05_T800_1vac,165,0.6688364768442625,,0.06898286253833935
0301a0a42d5b76e7defb57dcde32875727af1bea98f31e7e68acd8a13daba8e8,157,True,A1_fe_mover,V1NN_inplane,A1_fe_mover,7.09094400289848,0.6482257993284294,,1,OTHER,1,1,0,2.4741922465045576,1.2572524809445413,NiFe_Ni95_Fe05_T700_1vac,209,0.6482257993284293,,0.06828546269031614
42bf8bfd5eb1bfa65566f7047f95a50ae02fdea1e2bfcb4b981b00d6667b72fd,158,True,A1_fe_mover,V1NN_inplane,A1_fe_mover,7.0713362129891,0.6808738485142384,,1,OTHER,1,1,0,2.4607885939761815,1.262040654612918,NiFe_Ni95_Fe05_T600_1vac,186,0.6808738485142385,,0.06809664058062959
6dbf7a2718fa5acafb7df6befaece50a1353fababd4d25f924fae794cf7f447c,159,True,A1_fe_mover,V1NN_inplane,A1_fe_mover,7.019249880127096,0.6441905811134347,,1,OTHER,1,1,0,2.480669987346606,1.265194869095864,NiFe_Ni95_Fe05_T700_1vac,316,0.6441905811134347,,0.06759505160490648
00218a953745fef6a30e4974a76a433a6ea5cc96635693631e5a650c145f7075,160,True,A1_fe_mover,V1NN_inplane,A1_fe_mover,7.01065472429777,0.6676077438587525,,1,OTHER,1,1,0,2.4715971848705487,1.2570429823107887,NiFe_Ni95_Fe05_T600_2vac,411,0.6676077438587527,,0.06751228065191897
d09a4103cf646913101a643da83abff2d914e1187d9533675efd357aa52eecd9,161,True,A1_fe_mover,V1NN_inplane,A1_fe_mover,7.006576196445581,0.6480842304808901,,1,HOLLOW_FCC,1,1,0,2.4782283206121702,1.2736534512045996,NiFe_Ni95_Fe05_T800_1vac,797,0.6480842304808903,,0.06747300461739265
dfa25b5c12b53fc6dd9775fbb6ff22709ec57ed9b7a072d9bcaba7848d8e84ba,162,True,A1_fe_mover,V1NN_inplane,A1_fe_mover,6.94279515002012,0.6368620123039365,,1,OTHER,1,1,0,2.4807294791272634,1.2744150867302924,NiFe_Ni95_Fe05_T700_7vac,488,0.6368620123039364,,0.06685879609110125
899c012b35662caf38141eaf6745d6f86afb0cc652eef108a07b2c55d8a30f6a,163,True,A1_fe_mover,V1NN_inplane,A1_fe_mover,6.918067017072993,0.6710104515041168,,1,OTHER,1,1,0,2.458772828402568,1.2568647544588658,NiFe_Ni95_Fe05_T800_6vac,1737,0.6710104515041166,,0.06662066531485031
5b684197229f614045d9ee33d9e842803b9b22f2ada135918e02bfba6e180a8f,164,True,A1_fe_mover,V1NN_inplane,A1_fe_mover,6.9075285137614895,0.6350259750506666,,1,OTHER,1,1,0,2.475000461915354,1.2677672067975216,NiFe_Ni95_Fe05_T500_8vac,514,0.6350259750506666,,0.06651918001551706
ac31b9c6aafd92ea6d21d3808fcb83016f7d0b1cf6d7429271caaba1c63daeac,165,True,A1_fe_mover,V1NN_inplane,A1_fe_mover,6.872815069796998,0.6744744622656073,,1,OTHER,1,1,0,2.458296264033419,1.2694793967047726,NiFe_Ni95_Fe05_T800_6vac,1763,0.6744744622656071,,0.06618489115613237
013498a6f45c6e7ea3b960b69a448db1ac63df0e6f6e6facada45c285416290a,166,True,A1_fe_mover,V1NN_inplane,A1_fe_mover,6.79973082964622,0.6431736036947769,,1,OTHER,1,1,0,2.4585755139055734,1.2743862364793952,NiFe_Ni95_Fe05_T800_6vac,2015,0.6431736036947768,,0.06548109330467194
7b615287541da612e0f333e1fbb3dc9058b0ce47708f3a88f7f4c19b78458236,167,True,A1_fe_mover,V1NN_inplane,A1_fe_mover,6.77147360050378,0.6792537993924271,,1,OTHER,1,1,0,2.4595376578387484,1.2617988221307808,NiFe_Ni95_Fe05_T700_2vac,388,0.679253799392427,,0.06520897749533132
3e11ff24b3056913914ed2d92bc9ffb4b428d88b3a67f19a7497d7ab7e3363be,168,True,A1_fe_mover,V1NN_inplane,A1_fe_mover,6.7149630773307125,0.6554155820631421,,1,OTHER,1,1,0,2.4822291701725963,1.2680945077370562,NiFe_Ni95_Fe05_T800_3vac,322,0.6554155820631422,,0.06466478377159476
e55a2107498920c39235aa0d329ab15d18288aa2fc912e3325a49aba081dd266,169,True,A1_fe_mover,V1NN_inplane,A1_fe_mover,6.67765378270034,0.6599765530563674,,1,HOLLOW_FCC,1,1,0,2.4856544624627555,1.2832445101776284,NiFe_Ni95_Fe05_T800_1vac,878,0.6599765530563673,,0.06430549699039287
e81dde21da8adf16354589331a7f9a0734ac148eb8057ac58088bec991f172b9,170,True,A1_fe_mover,V1NN_inplane,A1_fe_mover,6.636671904159599,0.6336892460694797,,1,OTHER,1,1,0,2.4513368729542253,1.289209665975806,NiFe_Ni95_Fe05_T800_6vac,358,0.6336892460694799,,0.06391084339604365
53057b13200dbbe8c537f4003ae514b67c4cfebd6ca24df937e5331083d5cf74,171,True,A1_fe_mover,V1NN_inplane,A1_fe_mover,6.6328040689087,0.6546181703124604,,1,OTHER,1,1,0,2.4586751159421136,1.2685678685395538,NiFe_Ni95_Fe05_T800_2vac,589,0.6546181703124603,,0.06387359632152022
a214e0ce66336dc0960e4733b3d39cb7c7c1d8bea6bd289cb3f34390f58205ae,172,True,A1_fe_mover,V1NN_inplane,A1_fe_mover,6.44005509479605,0.5484391139370928,,1,HOLLOW_FCC,1,1,0,2.5014077207607883,1.104841081590012,NiFe_Ni95_Fe05_T800_10vac,625,0.5484391139370928,,0.06201743261821272
0ecb2a3a28549c0bdf8ba180516e9234df9b649e55fe7b26580278a40a28116b,173,True,A1_fe_mover,V1NN_inplane,A1_fe_mover,6.43474729659248,0.6729289799122854,,1,OTHER,1,1,0,2.460788502998948,1.2720620808585943,NiFe_Ni95_Fe05_T800_1vac,166,0.6729289799122853,,0.06196631876707394
4f257c0b34eb3125b897bc13f61f1dc1b9cad510394e04531f23c9b9276e9176,174,True,A1_fe_mover,V1NN_inplane,A1_fe_mover,6.4303122834934365,0.6549376249040504,,1,OTHER,1,1,0,2.477230365378973,1.2588728612003752,NiFe_Ni95_Fe05_T800_2vac,511,0.6549376249040506,,0.06192360979611295
a0352397e69c2b9c8203f9f890fa61502e0e659e1056b9a51acda1249f293852,175,True,A1_fe_mover,V1NN_inplane,A1_fe_mover,6.3254370877210775,0.6613697150160079,,1,OTHER,1,1,0,2.417045663274474,1.2844386658351283,NiFe_Ni95_Fe05_T700_7vac,1191,0.6613697150160078,,0.06091366651280317
0ff4944de63adcf6a86acd0d83bda72978a822cf0bf21750f4617dcb0d9dab0d,176,True,A2_fe_ctx_1nn,V1NN_inplane,A2_fe_ctx_1nn,34.561915293759135,0.7711566409255951,0.02,27,HOLLOW_FCC,1,1,0,2.4695598667657794,1.1602226352756182,NiFe_Ni95_Fe05_T300_3vac,52,0.777203458641452,,0.3328296452959093
bcc44304d1f7ed5e754be26319d51331eb76efe32318d2ded527f8413075be08,177,True,A2_fe_ctx_1nn,V1NN_inplane,A2_fe_ctx_1nn,22.341124508535803,0.7645676539165557,0.02,7,OTHER,1,1,0,2.4848439473811554,1.535495242702549,NiFe_Ni95_Fe05_T600_3vac,80,0.7776587150019623,,0.2151439954206011
769b02e1e0732b5edc9bff29eb4da060674b81dd75871c24f21a4cd9c6788c84,178,True,A2_fe_ctx_1nn,V1NN_inplane,A2_fe_ctx_1nn,20.666691934,0.7000376322768258,,2,HOLLOW_FCC,1,1,0,2.497584871739503,1.3546331790395332,NiFe_Ni95_Fe05_T700_1vac,170,0.7460696830421512,,0.19901928719428064
6537670031f35effa04bacaffd1eaeb5ffd345585e57bc22d9780ef621a5bded,179,True,A2_fe_ctx_1nn,V1NN_inplane,A2_fe_ctx_1nn,19.65954852981495,0.7483498851937838,0.02,9,HOLLOW_FCC,1,1,0,2.5080456769964794,1.133454656042781,NiFe_Ni95_Fe05_T600_10vac,588,0.7753191251867975,,0.18932054280676824
8440750c250ee9c2e21749450d5b37d2e2fc7fe36e7c557cb511a775e2fdbdb3,180,True,A2_fe_ctx_1nn,V1NN_inplane,A2_fe_ctx_1nn,19.16200184461179,0.4789918788565047,,1,HOLLOW_FCC,1,1,0,2.482281419064849,0.9942367677579217,NiFe_Ni95_Fe05_T800_8vac,1330,0.4789918788565046,,0.18452919124691344
1e5f1f40773349372577517e8e522d596180f54c35a6e09a74028463e7cf4853,181,True,A2_fe_ctx_1nn,V1NN_inplane,A2_fe_ctx_1nn,18.13966953360406,0.7224854051237345,,1,HOLLOW_FCC,1,1,0,2.596989186622355,1.1469117668857274,NiFe_Ni95_Fe05_T800_8vac,2532,0.7224854051237344,,0.17468417838940287
f29ea71a5bbb119940f78e48eef4f20bdf3fc6ab829daec5cbf195db6575dfbc,182,True,A2_fe_ctx_1nn,V1NN_inplane,A2_fe_ctx_1nn,17.789080519694416,0.695263196237561,0.02,19,OTHER,1,1,0,2.4772312260808227,1.329327711461974,NiFe_Ni95_Fe05_T300_10vac,202,0.7016294183094942,,0.17130802240521006
e75a02f31d617a531813d3de841304863761c59a92b16db41de94af5fd1658b2,183,True,A2_fe_ctx_1nn,V1NN_inplane,A2_fe_ctx_1nn,17.786509447736368,0.8609369563588294,0.02,60,HOLLOW_FCC,1,1,0,2.5141131282343445,1.4726229109822617,NiFe_Ni95_Fe05_T300_10vac,29,0.8705914423435388,,0.17128326310120293
c096df20465288eb3580da10a871d7e79960e57b34aed85c194898781f189319,184,True,A2_fe_ctx_1nn,V1NN_inplane,A2_fe_ctx_1nn,17.110139369442397,0.8896336553907533,,1,HOLLOW_FCC,1,1,0,2.482281419064849,1.5723523775156485,NiFe_Ni95_Fe05_T800_8vac,1331,0.8896336553907531,,0.1647698505390236
acf01f016347ba5202c187dc8b6bbbb004da03c64738878febd288a75c18cb06,185,True,A2_fe_ctx_1nn,V1NN_inplane,A2_fe_ctx_1nn,16.94245584569904,0.8158446515444667,,1,HOLLOW_FCC,1,1,0,2.3994005259288995,1.4825386139864702,NiFe_Ni95_Fe05_T800_9vac,1360,0.8158446515444666,,0.16315506596313675
afe0f2f2bcaab58fb06a11b0f1194eb7b20b27a547abfa4cc6b693ed608448c8,186,True,A2_fe_ctx_1nn,V1NN_inplane,A2_fe_ctx_1nn,16.769383641775303,0.8443965784035061,0.02,40,HOLLOW_FCC,1,1,0,2.505633586212015,1.4884467375147146,NiFe_Ni95_Fe05_T300_10vac,75,0.865918143559611,,0.1614883886464164
2ca0848e3350a33d5d455661a40347e1c78f7017eacc83db0eb4534e90bcc41a,187,True,A2_fe_ctx_1nn,V1NN_inplane,A2_fe_ctx_1nn,16.4057742280231,0.7837557825915458,0.02,7,HOLLOW_FCC,1,1,0,2.4848439473811554,1.0329980504036969,NiFe_Ni95_Fe05_T600_3vac,81,0.7956781648053948,,0.15798684681411948
0f8535ffea731178c7cf84e9cd37287e5dcc6f5087c2fe198b9e4c21736384a7,188,True,A2_fe_ctx_1nn,V1NN_inplane,A2_fe_ctx_1nn,15.527990300139695,0.8053392962647196,,1,HOLLOW_FCC,1,1,0,2.410434566210353,1.4985047556872126,NiFe_Ni95_Fe05_T800_6vac,907,0.8053392962647195,,0.1495338281986657
a033bfa729f1c931858704c44fd718a036a56b642c9e762a524cd45467f7b054,189,True,A2_fe_ctx_1nn,V1NN_inplane,A2_fe_ctx_1nn,15.300620557088674,0.8046703447151479,0.02,36,HOLLOW_FCC,1,1,0,2.5163591906354905,1.1476727765629602,NiFe_Ni95_Fe05_T300_10vac,4,0.8188323356553155,,0.1473442680921875
e5b1c731f33ae8a5d23c741dae56823c89896ee09db2d4b00360a79e01122d87,190,True,A2_fe_ctx_1nn,V1NN_inplane,A2_fe_ctx_1nn,15.120188194058676,0.8518288850720371,0.02,33,HOLLOW_FCC,1,1,0,2.514156835872278,1.4614861538659278,NiFe_Ni95_Fe05_T300_10vac,153,0.8678480869302803,,0.1456067127837865
0a71b2beb00e7c329a49b3d347d134d4c686c7ba9fa9934d966025338afbdc1a,191,True,A2_fe_ctx_1nn,V1NN_inplane,A2_fe_ctx_1nn,15.08920442631608,0.40501837186820927,,1,HOLLOW_FCC,1,1,0,2.326401241926925,0.9650709414986495,NiFe_Ni95_Fe05_T700_6vac,526,0.4050183718682092,,0.1453083405338678
fa773ff9764737ee7ff97cad1fa416b3b5e791ed6162491d545e8fa8c1e9265d,192,True,A2_fe_ctx_1nn,V1NN_inplane,A2_fe_ctx_1nn,14.940181152508362,0.8712024703866241,0.02,29,OTHER,1,1,0,2.515820471793468,1.5067911583824085,NiFe_Ni95_Fe05_T300_4vac,46,0.8793382649537307,,0.14387325330155765
47e664ae6d96c8be3c9b734a913c3e83ca7d2d300f12b4bf980c3b3e95bd68a3,193,True,A2_fe_ctx_1nn,V1NN_inplane,A2_fe_ctx_1nn,14.739626355107774,0.7802007759772441,0.02,20,HOLLOW_FCC,1,1,0,2.512716027065114,1.1566536554936064,NiFe_Ni95_Fe05_T300_1vac,20,0.7845184437583157,,0.14194191988111832
9870b497353e69b6622f3c071f57ad565e64120e6a80bda7289e4b577af07251,194,True,A2_fe_ctx_1nn,V1NN_inplane,A2_fe_ctx_1nn,14.726184656476288,0.7770698902035464,,2,HOLLOW_FCC,1,1,0,2.497584871739503,1.208725152221534,NiFe_Ni95_Fe05_T700_1vac,169,0.8269886468015102,,0.14181247694516796
33596c83c1ff5a794f464956da0d979d468ef1fb4115f688de71fcb82ee8ace1,195,True,A2_fe_ctx_1nn,V1NN_inplane,A2_fe_ctx_1nn,14.72167399650599,0.4371145792511016,,1,HOLLOW_FCC,1,1,0,2.3994005259288995,1.0026990876552233,NiFe_Ni95_Fe05_T800_9vac,1361,0.43711457925110153,,0.14176903949833652
f04cc2d6ed6900046f6002cdd7f7e846217880c7df298d6fc4bc8ffbaa542877,196,True,A2_fe_ctx_1nn,V1NN_inplane,A2_fe_ctx_1nn,14.43590846232406,0.7434357122756411,,1,HOLLOW_FCC,1,1,0,2.596989186622355,1.5915918242098501,NiFe_Ni95_Fe05_T800_8vac,2533,0.743435712275641,,0.13901713062490836
079ea014d93bce2e112bc6fb85c80b175a49a128c1e5eb7d610093cbb4cab554,197,True,A2_fe_ctx_1nn,V1NN_inplane,A2_fe_ctx_1nn,14.138083025424503,0.49895046342953725,,1,HOLLOW_FCC,1,1,0,2.5200166377637383,1.012843918140802,NiFe_Ni95_Fe05_T800_6vac,783,0.4989504634295372,,0.1361490854462525
6eeb6b8dca14b38fc72ba4ba65bb75132a888a5cf6ac3a889da7ad09e49b6341,198,True,A2_fe_ctx_1nn,V1NN_inplane,A2_fe_ctx_1nn,14.0935013386214,0.7572993759131351,,1,HOLLOW_FCC,1,1,0,2.326401241926925,1.460891942161738,NiFe_Ni95_Fe05_T700_6vac,525,0.757299375913135,,0.13571976586487935
0758b80f77524f2992e58c2c0d84f04213bb1f047dd363e491dc2daa64de00a9,199,True,A2_fe_ctx_1nn,V1NN_inplane,A2_fe_ctx_1nn,14.019962609236853,0.831992959635633,0.02,12,HOLLOW_FCC,1,1,0,2.5258444043892037,1.5110598378864315,NiFe_Ni95_Fe05_T400_10vac,199,0.8367604214290623,,0.13501159130312437
9be5ae2f20ee189d9fac92359faf1553753d7c39256ee08cc480b2a73c952caf,200,True,A2_fe_ctx_1nn,V1NN_inplane,A2_fe_ctx_1nn,13.763746543313037,0.7730006569383777,0.02,40,HOLLOW_FCC,1,1,0,2.505633586212015,1.1055206438386171,NiFe_Ni95_Fe05_T300_10vac,76,0.7915313404837434,,0.13254424244193627
eb39891b310661a0c8c3f87a6d9263b364f4d974c28401a86af9a5d3a754ad44,201,True,A2_fe_ctx_1nn,V1NN_inplane,A2_fe_ctx_1nn,13.679603131370472,0.8073581604039646,,1,HOLLOW_FCC,1,1,0,2.432098495146732,1.5656711245754849,NiFe_Ni95_Fe05_T800_10vac,1333,0.8073581604039646,,0.13173394527776586
34e72386e32f06916ba17a2cca4466afef8ca9e9e0c4772e542924ae9ab731c4,202,True,A2_fe_ctx_1nn,V1NN_inplane,A2_fe_ctx_1nn,13.65443695246002,0.7074206709496785,0.02,6,HOLLOW_FCC,1,1,0,2.4988011902877716,1.3522047341525174,NiFe_Ni95_Fe05_T600_2vac,70,0.7430973790351345,,0.13149159613915398
f39fefd00a093c1e97a9ce8aeeea28b91c3d1f18d18e894ee88c53db84a33c97,203,True,A2_fe_ctx_1nn,V1NN_inplane,A2_fe_ctx_1nn,13.375301085507733,0.8549960926432367,0.02,60,HOLLOW_FCC,1,1,0,2.5131011947212594,1.472745789010197,NiFe_Ni95_Fe05_T300_10vac,39,0.8700285364229785,,0.12880353065443034
7dccbd14129a327ac3846ddc54ba617dafaa7b78df5b51f6fb52ac77ec9adbc8,204,True,A2_fe_ctx_1nn,V1NN_inplane,A2_fe_ctx_1nn,12.84176847151162,0.8296428719831966,,1,HOLLOW_FCC,1,1,0,2.49972197608306,1.205314904636023,NiFe_Ni95_Fe05_T700_1vac,155,0.8296428719831965,,0.12366563626516335
54a3652daf72f063e5f364dee6f20e783e1830b960a25e9aacab5ff2165edb9d,205,True,A2_fe_ctx_1nn,V1NN_inplane,A2_fe_ctx_1nn,12.626451043819122,0.781143686052285,0.02,6,HOLLOW_FCC,1,1,0,2.4988011902877716,1.210752987166041,NiFe_Ni95_Fe05_T600_2vac,69,0.8199660669915829,,0.12159213939799575
00da8167a39c32793e391f5b7d949c13c1d9c5066712abe00e0e698de6dd8524,206,True,A2_fe_ctx_1nn,V1NN_inplane,A2_fe_ctx_1nn,11.6609019392386,0.7534159223332609,,1,HOLLOW_FCC,1,1,0,2.597889265526201,1.0894121508656232,NiFe_Ni95_Fe05_T800_8vac,1612,0.7534159223332608,,0.11229394619134363
8c25f511aff838018c801ccb3827ac0e55b89e24c5edb20b24b7ce1cd268ae9b,207,True,A2_fe_ctx_1nn,V1NN_inplane,A2_fe_ctx_1nn,10.83996055306689,0.41645390112353203,,1,HOLLOW_FCC,1,1,0,2.4341253165162544,0.8613134361436895,NiFe_Ni95_Fe05_T800_6vac,1636,0.416453901123532,,0.10438831862279273
6086476be77a5a8c6ccc8e49e74f0ea9bf1b59eb025304d7162db741872d42b5,208,True,A2_fe_ctx_1nn,V1NN_inplane,A2_fe_ctx_1nn,10.797578208369837,0.6837900639767515,0.02,8,OTHER,1,1,0,2.5179445407696286,1.3395055333070383,NiFe_Ni95_Fe05_T500_8vac,394,0.691921763337632,,0.10398017860414983
889706114c2b21bbe890cfc618f8490ffe85dba814c55465c6ac013f95a3b69d,209,True,A2_fe_ctx_1nn,V1NN_inplane,A2_fe_ctx_1nn,10.685799590643354,0.3724103764434404,,1,HOLLOW_FCC,1,1,0,2.410434566210353,0.9906798649846056,NiFe_Ni95_Fe05_T800_6vac,908,0.3724103764434403,,0.10290375568680386
0e664e6f26aabf25fd2d1005396db6d599ee304be6de79931ccce62b7b83b129,210,True,A2_fe_ctx_1nn,V1NN_inplane,A2_fe_ctx_1nn,10.612006231280755,0.8178707340630355,,1,HOLLOW_FCC,1,1,0,2.525153153308409,1.0767868803136733,NiFe_Ni95_Fe05_T700_6vac,285,0.8178707340630353,,0.10219312905014052
3d10a361bf8b68c53ca525d66ea62683f06c0764842a559275d831a74e67417c,211,True,A2_fe_ctx_1nn,V1NN_inplane,A2_fe_ctx_1nn,10.519248652078216,0.7827497416046756,,1,HOLLOW_FCC,1,1,0,2.4867726841820468,1.361020408281522,NiFe_Ni95_Fe05_T800_4vac,483,0.7827497416046754,,0.10129987785378501
2109a6d37b0cf2879a771fa8aa3a8ddca0cd222adeb1168d45f84edf28f90cdc,212,True,A2_fe_ctx_1nn,V1NN_inplane,A2_fe_ctx_1nn,10.386405421632013,0.7700140153128753,0.02,12,HOLLOW_FCC,1,1,0,2.5152367875453,1.012147804427243,NiFe_Ni95_Fe05_T400_7vac,52,0.7959465035646645,,0.1000206036904878
82ab04d25ca7edb9b3f353152ca954cbe0f85b0c1a5d15751c0ecec965b28d00,213,True,A2_fe_ctx_1nn,V1NN_inplane,A2_fe_ctx_1nn,10.34828655361976,0.8185844633117044,0.02,8,OTHER,1,1,0,2.50533970132742,1.622384901366439,NiFe_Ni95_Fe05_T600_10vac,273,0.8381638049049798,,0.09965352075507275
94cebfce11ce84da90e989c9e92a624d388f8cc20e38e1c46feadbd71fb3d183,214,True,A2_fe_ctx_1nn,V1NN_inplane,A2_fe_ctx_1nn,10.257702535975923,0.7468122688023869,,1,HOLLOW_FCC,1,1,0,2.4973305271940114,1.3574413707444941,NiFe_Ni95_Fe05_T700_2vac,564,0.7468122688023868,,0.09878120085596923
7cf08dda4516d5154c3016a0510fefceddbe8e3d2fc19a34e17b98d9b4e9c9e2,215,True,A2_fe_ctx_1nn,V1NN_inplane,A2_fe_ctx_1nn,10.25432964961739,0.75406709083396,0.02,8,HOLLOW_FCC,1,1,0,2.50533970132742,0.9660956198965205,NiFe_Ni95_Fe05_T600_10vac,272,0.7728846161935508,,0.09874872011638078
6da7842dfc2675f9ea91bd39cd23cc122828340dc18463f76e601d0fd88259a0,216,True,A2_fe_ctx_1nn,V1NN_inplane,A2_fe_ctx_1nn,10.180786104227424,0.824670035579402,,1,HOLLOW_FCC,1,1,0,2.4973305271940114,1.2053323021270024,NiFe_Ni95_Fe05_T700_2vac,563,0.8246700355794019,,0.09804049917671645
d02df59dd7bc449988888c1a4b2a500f7bd07a75e86ea9cec82f5bc52e52c812,217,True,A2_fe_ctx_1nn,V1NN_inplane,A2_fe_ctx_1nn,10.056430010572075,0.7327200743757204,,1,HOLLOW_FCC,1,1,0,2.49972197608306,1.3560851216373766,NiFe_Ni95_Fe05_T700_1vac,156,0.7327200743757203,,0.09684295574806369
256afde4602dc35224d63a15877c9f95c27ebe3bbf94709b50a3526e961831c0,218,True,A2_fe_ctx_1nn,V1NN_inplane,A2_fe_ctx_1nn,9.9815342691226,0.6994935831608017,,1,OTHER,1,1,0,2.4627115180866426,1.2628749840135416,NiFe_Ni95_Fe05_T500_10vac,786,0.6994935831608018,,0.09612171322290465
bfe4a8632232cb0f728bbd1aff8c740ca6c3dfc49f7f2469781575a8950b7579,219,True,A2_fe_ctx_1nn,V1NN_inplane,A2_fe_ctx_1nn,9.548314983887073,0.779413306127306,0.02,29,HOLLOW_FCC,1,1,0,2.515820471793468,1.0964475044998256,NiFe_Ni95_Fe05_T300_4vac,47,0.7863573064905722,,0.09194983154867568
29eb25eac5c5e48994ea83d03a39c953254d6812017afa3e8596145b1d556d2f,220,True,A2_fe_ctx_1nn,V1NN_inplane,A2_fe_ctx_1nn,9.539828965482442,0.7984521164107339,0.02,4,HOLLOW_FCC,1,1,0,2.4998004068385167,1.2102002169147175,NiFe_Ni95_Fe05_T700_1vac,75,0.8252312740005436,,0.09186811158403885
4cb12ccfebb944081816193f8d069ef2ccb89acaa788185bc09694d023dba66c,221,True,A2_fe_ctx_1nn,V1NN_inplane,A2_fe_ctx_1nn,9.42355151924102,0.46438637622031825,,1,HOLLOW_FCC,1,1,0,2.432098495146732,0.9595835585646268,NiFe_Ni95_Fe05_T800_10vac,1332,0.4643863762203182,,0.09074836515622918
8dedbdfc6ce46dce9293336ad7d279b1fb5dd02679fc263eb33e4d119a6f9192,222,True,A2_fe_ctx_1nn,V1NN_inplane,A2_fe_ctx_1nn,9.293638729010988,0.7164967824446647,,1,OTHER,1,1,0,2.4627115180866426,1.2445042033934224,NiFe_Ni95_Fe05_T500_10vac,787,0.7164967824446649,,0.08949731099663892
b4dd686a944dcb9f219d4bc91369ef5e075e2f7f41916fe9c0df6ab081e95155,223,True,A2_fe_ctx_1nn,V1NN_inplane,A2_fe_ctx_1nn,9.281298946223496,0.8112762733735509,,1,HOLLOW_FCC,1,1,0,2.4867726841820468,1.1916646050118886,NiFe_Ni95_Fe05_T800_4vac,482,0.8112762733735508,,0.08937847945928684
9672d7d4f861c2038e82ca62e2ed4f6c900ee98c7789f43e505c99893899523c,224,True,A2_fe_ctx_1nn,V1NN_inplane,A2_fe_ctx_1nn,9.119183956856237,0.8113888285564317,0.02,19,OTHER,1,1,0,2.4772312260808227,1.2051165795116505,NiFe_Ni95_Fe05_T300_10vac,201,0.8184604728630802,,0.08781731961181746
91051022e9c75b32c392f3ffee73aaa3adc693613ff2d4083e3f5b56a9f4a0f0,225,True,A2_fe_ctx_1nn,V1NN_inplane,A2_fe_ctx_1nn,9.017197626656934,0.8646341382612714,0.02,4,HOLLOW_FCC,1,1,0,2.498397685700453,1.4742969093113119,NiFe_Ni95_Fe05_T800_7vac,513,0.8647762244163459,,0.08683519597032485
05b9b78251cd774ad61c6e0a68910c00f396fe607ff5d7875dbee28fd33b705b,226,True,A2_fe_ctx_1nn,V1NN_inplane,A2_fe_ctx_1nn,8.887299736662403,0.9076073944497695,,1,HOLLOW_FCC,1,1,0,2.493799134079801,1.5841252574923494,NiFe_Ni95_Fe05_T800_8vac,1684,0.9076073944497693,,0.08558428529931314
0113ff8d757323b393f950ffd19b21c21e3c4751ec72159501ea1fdb0687c442,227,True,A2_fe_ctx_1nn,V1NN_inplane,A2_fe_ctx_1nn,8.81940733004406,0.4727692469114118,,1,HOLLOW_FCC,1,1,0,2.4869066692900312,0.9089281241870797,NiFe_Ni95_Fe05_T800_8vac,2415,0.47276924691141176,,0.0849304845645735
ec2804e5c3e68c1f95198ec191b0dfa610c4084ed9d8b8df587e127303f8be7d,228,True,A2_fe_ctx_1nn,V1NN_inplane,A2_fe_ctx_1nn,8.767750062669803,0.8290124150989867,,1,OTHER,1,1,0,2.5173714013274964,1.488368545011592,NiFe_Ni95_Fe05_T700_8vac,488,0.8290124150989868,,0.08443302746964698
412ff51b6ad1c36ba9f8cfaf5f24ca6b43935576b1446900d93787ed41a62491,229,True,A2_fe_ctx_1nn,V1NN_inplane,A2_fe_ctx_1nn,8.557934066386409,0.7628274188782599,,1,HOLLOW_FCC,1,1,0,2.597889265526201,1.6372962533714805,NiFe_Ni95_Fe05_T800_8vac,1613,0.7628274188782598,,0.08241250913242913
73d46caa425552157443d28885fb80641acdca520c2a605a644e49b5f3f65dd8,230,True,A2_fe_ctx_1nn,V1NN_inplane,A2_fe_ctx_1nn,8.414969251000965,0.5749554262765952,0.02,8,HOLLOW_FCC,1,1,0,2.551619129195889,1.035657015357238,NiFe_Ni95_Fe05_T300_8vac,0,0.5781867555606368,,0.08103576457443515
522ef3580c2f2c4de30323087e9faa90aa0b0df07dcc02b3c6c67e2f3f6a1d93,231,True,A2_fe_ctx_1nn,V1NN_inplane,A2_fe_ctx_1nn,7.868717333426795,0.9180842612613562,,1,HOLLOW_FCC,1,1,0,2.4869066692900312,1.6483727733889426,NiFe_Ni95_Fe05_T800_8vac,2414,0.918084261261356,,0.07577538388016121
2561e3dfda7e2928ee7503d377368896a9928f1f7d5855663e8df95cfa878705,232,True,A2_fe_ctx_1nn,V1NN_inplane,A2_fe_ctx_1nn,7.8570018482574255,0.7383561272065706,,2,OTHER,1,1,0,2.510332105084094,1.3515719282416838,NiFe_Ni95_Fe05_T700_3vac,338,0.7378068417119721,,0.07566256429998897
733319fdfc6f243f24725539d492a338be3098e1c9a547d782e602c6918dc418,233,True,A2_fe_ctx_1nn,V1NN_inplane,A2_fe_ctx_1nn,7.759213880494875,0.7169684311316954,0.02,4,HOLLOW_FCC,1,1,0,2.4998004068385167,1.353423024835318,NiFe_Ni95_Fe05_T700_1vac,76,0.7422155907579508,,0.07472087069452797
fcd6ef6ca6d12b44b1b69a7ff29887184c0cdeca82f8f7c1b3305f31cbca3c1d,234,True,A2_fe_ctx_1nn,V1NN_inplane,A2_fe_ctx_1nn,7.7213599291809,0.42427761300677963,,1,HOLLOW_HCP,1,1,0,2.457288685052511,0.8658743069867996,NiFe_Ni95_Fe05_T800_9vac,1110,0.4242776130067796,,0.07435633889466114
dc77dfb2ff9289e853f83d4a42eba50fdb923dfdedadfe563b3e8934b3afbd67,235,True,A2_fe_ctx_1nn,V1NN_inplane,A2_fe_ctx_1nn,7.30437144185657,0.49430654596471857,,1,HOLLOW_FCC,1,1,0,2.4522009443039163,0.9494596987512885,NiFe_Ni95_Fe05_T600_8vac,939,0.4943065459647187,,0.0703407590534104
0904f22281ded8ebebc38fd288241501d48b78a8b63db98442310cecfcf1ecb1,236,True,A2_fe_ctx_1nn,V1NN_inplane,A2_fe_ctx_1nn,7.291309162668813,0.9477212582069116,,1,HOLLOW_HCP,1,1,0,2.457288685052511,1.6930908043157273,NiFe_Ni95_Fe05_T800_9vac,1109,0.9477212582069114,,0.07021496990914958
d38d1a9a637f50bc3e4499b0c1500753c1f7e35caa4e734ff7ecc33304cd16e7,237,True,A2_fe_ctx_1nn,V1NN_inplane,A2_fe_ctx_1nn,7.180033015315528,0.7745484441349675,0.02,7,HOLLOW_FCC,1,1,0,2.4896799895701167,1.0164614747617013,NiFe_Ni95_Fe05_T600_3vac,122,0.8018278178878973,,0.06914338575825107
1569085c8ad10bf7c870bf90c7f5cbe71b39fb2186ff0e63c8ea7de99d4ec662,238,True,A2_fe_ctx_1nn,V1NN_inplane,A2_fe_ctx_1nn,7.045684939871874,0.6420158434787381,0.02,4,HOLLOW_FCC,1,1,0,2.4859285026880746,1.3778658984311214,NiFe_Ni95_Fe05_T500_7vac,298,0.6419161333005832,,0.06784962000724902
6d83573da6f84399984fb84da273917223959e30abec58f8f9742785d61789ea,239,True,A2_fe_ctx_1nn,V1NN_inplane,A2_fe_ctx_1nn,7.020116286523978,0.7529923967705436,0.02,5,HOLLOW_FCC,1,1,0,2.4853576382717164,1.3880937186539715,NiFe_Ni95_Fe05_T700_5vac,604,0.755546469019464,,0.06760339505842476
c2cce4366807de14db4104f3689bdaa43aa43e50317301edf04a382e90c98d1d,240,True,A2_fe_ctx_1nn,V1NN_inplane,A2_fe_ctx_1nn,6.798475012133375,0.8298114264116522,,1,HOLLOW_FCC,1,1,0,2.4341253165162544,1.656317378492547,NiFe_Ni95_Fe05_T800_6vac,1637,0.8298114264116521,,0.06546899984012278
dcda05782915b281ea5a513cfb41406ce21a9d5d2401783a925525ae32067d54,241,True,A2_fe_ctx_1nn,V1NN_inplane,A2_fe_ctx_1nn,6.578338487822195,0.7705217835022866,0.02,4,HOLLOW_FCC,1,1,0,2.4923434105798505,1.1070159708256346,NiFe_Ni95_Fe05_T700_6vac,219,0.7705239882579917,,0.06334909529546942
5098ef0fd6a088e3831c58499e800ef411d449daea2d3094827f27e70a411af3,242,True,A2_fe_ctx_1nn,V1NN_inplane,A2_fe_ctx_1nn,6.569076544510156,0.7491070025080263,,1,HOLLOW_FCC,1,1,0,2.474679035332912,1.3404638310927337,NiFe_Ni95_Fe05_T600_2vac,195,0.7491070025080262,,0.06325990320987185
9d10e02558620017005927bdf0ec2bebe94c2cecedde968172fc81546fbd0078,243,True,A2_fe_ctx_1nn,V1NN_inplane,A2_fe_ctx_1nn,6.540771197750908,0.8347757460638747,0.02,3,HOLLOW_FCC,1,1,0,2.4917041967524276,1.4237846738340634,NiFe_Ni95_Fe05_T700_4vac,363,0.8348690335787978,,0.0629873240301075
734f773c29651d2f9043634f828b1d4a5a51dd02c6b4140941c09a7d31a750fb,244,True,A2_fe_ctx_1nn,V1NN_inplane,A2_fe_ctx_1nn,6.418938563045888,0.6668350482867458,,2,HOLLOW_FCC,1,1,0,2.496341794454249,1.3519510615544343,NiFe_Ni95_Fe05_T500_9vac,171,0.693599759782046,,0.061814081394400325
c384b1c6f3c1d77f8767ae1499de4013196c7f0a54a00e2079d34b02e6b006c1,245,True,A2_fe_ctx_1nn,V1NN_inplane,A2_fe_ctx_1nn,6.405391205788858,0.7698298929956432,0.02,3,HOLLOW_FCC,1,1,0,2.5064147363466627,1.1264736700205775,NiFe_Ni95_Fe05_T700_4vac,351,0.7700157367962674,,0.06168362097077419
76c7fb1477ba3df23edf1b378f213a4295e3d1c648481263188c853dc59e71e6,246,True,A2_fe_ctx_1nn,V1NN_inplane,A2_fe_ctx_1nn,6.206474431125548,0.8629716531718367,0.02,36,HOLLOW_FCC,1,1,0,2.5163591906354905,1.4454571756594883,NiFe_Ni95_Fe05_T300_10vac,5,0.877108191485604,,0.05976806163351286
ab5337c056debedacd383a9da63cf709a1fb7a369dc5257ad6faed2c4d5084d6,247,True,A2_fe_ctx_1nn,V1NN_inplane,A2_fe_ctx_1nn,6.199546808494225,0.8540713723055207,0.02,13,HOLLOW_FCC,1,1,0,2.5138921736760875,1.45868815133444,NiFe_Ni95_Fe05_T300_1vac,30,0.8613221965824778,,0.05970134894807486
a2de789f5038ff66b76fc8ed6a185ea49f407c344938ad7457f03786dfc79b29,248,True,A2_fe_ctx_1nn,V1NN_inplane,A2_fe_ctx_1nn,6.10147841196366,0.7372579404145962,0.02,4,HOLLOW_FCC,1,1,0,2.4934570835135386,1.3741867598836073,NiFe_Ni95_Fe05_T500_8vac,433,0.7515849300825721,,0.05875695482655173
41f54d3fe9e4f05f645c2e7ea14d7a67f5e94a8e31ad1bea2878583d6fea11ea,249,True,A2_fe_ctx_1nn,V1NN_inplane,A2_fe_ctx_1nn,6.06481091274886,0.8222379070548413,,1,HOLLOW_FCC,1,1,0,2.4761571516426315,1.1654909212259859,NiFe_Ni95_Fe05_T700_7vac,1132,0.8222379070548413,,0.05840384850550957
f9da32e5c4a7582714c36e10a9be9be0cae60730510fd1d9fbff25a617246a34,250,True,A2_fe_ctx_1nn,V1NN_inplane,A2_fe_ctx_1nn,6.03593854604973,0.8291833467618722,0.02,4,HOLLOW_FCC,1,1,0,2.4859285026880746,1.1676813089199447,NiFe_Ni95_Fe05_T500_7vac,297,0.8290937700257928,,0.058125808949956934
7d5c9f9fed4e6f24941702605753f2470f1ebbf9a4c9bb2d3e9c924d1a6fb8a5,251,True,A2_fe_ctx_1nn,V1NN_inplane,A2_fe_ctx_1nn,6.031626903429729,0.8101399646502615,,1,HOLLOW_FCC,1,1,0,2.436949237253473,1.4769711156970227,NiFe_Ni95_Fe05_T800_8vac,1155,0.8101399646502614,,0.05808428803100148
023355fd070253186b46e897856685e9a859768082c95c8acfdd03f2dd461455,252,True,A2_fe_ctx_1nn,V1NN_inplane,A2_fe_ctx_1nn,6.021275526112019,0.7433435294051379,,1,HOLLOW_FCC,1,1,0,2.4921160218320844,1.3583642005505694,NiFe_Ni95_Fe05_T800_4vac,557,0.7433435294051378,,0.0579846047463312
485f347c81c9ec333d073793468592b397e6b2d7070f38efc97fdfccb3d486de,253,True,A2_fe_ctx_1nn,V1NN_inplane,A2_fe_ctx_1nn,5.892893722516091,0.8416636713773787,0.02,5,HOLLOW_FCC,1,1,0,2.4951864714298426,1.476148694182347,NiFe_Ni95_Fe05_T500_5vac,223,0.8557483837621476,,0.056748293917197344
5aa2d5545444f800ce536aa8e6b8900c9dce7ec87af8f4a3bba1788f7033e7b6,254,True,A2_fe_ctx_1nn,V1NN_inplane,A2_fe_ctx_1nn,5.83452664677126,0.7398335713651251,,1,OTHER,1,1,0,2.492492221829112,1.3573129559707402,NiFe_Ni95_Fe05_T600_2vac,344,0.739833571365125,,0.05618622167808681
e93a57aa4867e0a4da8c1f99004e029940231b0f529a02fecfc64021fbe1262b,255,True,A2_fe_ctx_1nn,V1NN_inplane,A2_fe_ctx_1nn,5.749490679645144,0.7867353296695604,0.02,5,HOLLOW_FCC,1,1,0,2.4853576382717164,1.156386716407166,NiFe_Ni95_Fe05_T700_5vac,603,0.78905667410163,,0.055367329248792244
55b19b8d27540c12e15ddbfbe8647bc993846750102a2f1bafa52304e7041b83,256,True,A2_fe_ctx_1nn,V1NN_inplane,A2_fe_ctx_1nn,5.748483447035886,0.661272435693718,,1,HOLLOW_FCC,1,1,0,2.484672535988308,1.4086649871040655,NiFe_Ni95_Fe05_T700_6vac,268,0.6612724356937179,,0.055357629645364
1f1c454b68b9ec605ecf45a4cc90b4939664aa4845ae0534c23702d65c32592f,257,True,A2_fe_ctx_1nn,V1NN_inplane,A2_fe_ctx_1nn,5.562622683482918,0.8963652744796492,,1,HOLLOW_FCC,1,1,0,2.5200166377637383,1.5930905662742143,NiFe_Ni95_Fe05_T800_6vac,782,0.8963652744796491,,0.05356779909106797
f245e29122e06afed84c5595681192370b33d56972a8dd34579862c6dd502f30,258,True,A2_fe_ctx_1nn,V1NN_inplane,A2_fe_ctx_1nn,5.53961333899954,0.8672014256800643,0.02,20,HOLLOW_FCC,1,1,0,2.512716027065114,1.4492677031395325,NiFe_Ni95_Fe05_T300_1vac,21,0.8718541335865666,,0.05334622016820437
23f866b52d918226debca23089bc340dd45b75dea5764eb73254a4c821e5217d,259,True,A2_fe_ctx_1nn,V1NN_inplane,A2_fe_ctx_1nn,5.484893038415244,0.8689161338939265,0.02,3,HOLLOW_FCC,1,1,0,2.5115442408559043,1.4772038015308755,NiFe_Ni95_Fe05_T700_2vac,229,0.8689265126431565,,0.05281926620517427
e093e276cdde3d12079fa06b2500c2b2a51a5942830557f9cef523c10a1d332a,260,True,A2_fe_ctx_1nn,V1NN_inplane,A2_fe_ctx_1nn,5.381846151686236,0.7848513361677903,0.02,9,HOLLOW_FCC,1,1,0,2.5081369195230026,1.1350391662885861,NiFe_Ni95_Fe05_T700_3vac,307,0.784833016081393,,0.05182692945336653
ed2c49244a482e6b4d2f315e05792544049779c14261cc64b01631613c18f80f,261,True,A2_fe_ctx_1nn,V1NN_inplane,A2_fe_ctx_1nn,5.370697857486318,0.7656911034954776,0.02,33,HOLLOW_FCC,1,1,0,2.514156835872278,1.1475183852514599,NiFe_Ni95_Fe05_T300_10vac,154,0.7799226220986384,,0.05171957189598941
52e22d64f8882496b23858d2ef03e4d48c91616470bd6c274e013af44befcbf2,262,True,A2_fe_ctx_1nn,V1NN_inplane,A2_fe_ctx_1nn,5.253863951678858,0.9010452088091169,0.02,30,HOLLOW_FCC,1,1,0,2.5184985622613776,1.4642893498193463,NiFe_Ni95_Fe05_T300_2vac,26,0.9185064262692322,,0.05059446678830302
e81e1a126ae7638a4f8cb27c219d8846a7e8084415837423eafabfef6148deac,263,True,A2_fe_ctx_1nn,V1NN_inplane,A2_fe_ctx_1nn,5.248863946719264,0.4807963581206423,,1,HOLLOW_FCC,1,1,0,2.493799134079801,0.9909178962233456,NiFe_Ni95_Fe05_T800_8vac,1685,0.48079635812064225,,0.05054631697186388
dd134fb5781bc42c6c949718333b06e74f0eca7d1e5af36632540abc01d422f0,264,True,A2_fe_ctx_1nn,V1NN_inplane,A2_fe_ctx_1nn,5.214367152155874,0.8606126747531424,0.02,3,HOLLOW_FCC,1,1,0,2.5001050586312035,1.210414766645021,NiFe_Ni95_Fe05_T700_2vac,221,0.8606162245350788,,0.05021411443618866
5ee61f7b2a91586010d5f8f91a3725cb3e4d3c6981677d9d60879931a694cf0e,265,True,A2_fe_ctx_1nn,V1NN_inplane,A2_fe_ctx_1nn,5.205219919342,0.8363974558615156,,1,HOLLOW_FCC,1,1,0,2.4917414218026965,1.4045916373520109,NiFe_Ni95_Fe05_T800_1vac,380,0.8363974558615155,,0.050126027007381425
0df06a9028ea24f345cfea3190a1635aed76d7b777f0acb42efd111e9ea3435e,266,True,A2_fe_ctx_1nn,V1NN_inplane,A2_fe_ctx_1nn,5.18177782188647,0.5109533288969033,,1,HOLLOW_FCC,1,1,0,2.436949237253473,1.0404494645318765,NiFe_Ni95_Fe05_T800_8vac,1154,0.5109533288969033,,0.049900280693417016
f67b813f5a962c89e4d8fd6721782bc7a52c04f37bb307a3dd4c0aafc2c4e45e,267,True,A2_fe_ctx_1nn,V1NN_inplane,A2_fe_ctx_1nn,5.159803098161865,0.8538312312051568,0.02,8,HOLLOW_FCC,1,1,0,2.5075122938486616,1.45811208118089,NiFe_Ni95_Fe05_T600_1vac,64,0.866901172174039,,0.04968866512059439
764e4118cc5253f6aab9d11eb4df10b31aca2d0c2aee42642e499676f99c373d,268,True,A2_fe_ctx_1nn,V1NN_inplane,A2_fe_ctx_1nn,5.082113515904687,0.8328399788130442,0.02,9,HOLLOW_FCC,1,1,0,2.5080456769964794,1.4668410578172968,NiFe_Ni95_Fe05_T600_10vac,587,0.8644461020403469,,0.048940518037712294
67d3d64fe4ee6987e5d9c60bc1eb7ae0b55682e704e908dba5d6824887aa7181,269,True,A2_fe_ctx_1nn,V1NN_inplane,A2_fe_ctx_1nn,5.049290770969517,0.8256799202799813,,1,HOLLOW_FCC,1,1,0,2.4419946041326472,1.5565773764428295,NiFe_Ni95_Fe05_T800_6vac,1559,0.8256799202799812,,0.04862443652250809
4dcff2877525fa872ba6fdfbd0871057b4ababd66a24197a3a78c4fde2705830,270,True,A2_fe_ctx_1nn,V1NN_inplane,A2_fe_ctx_1nn,5.040957936829502,0.7857748615130344,0.02,5,HOLLOW_FCC,1,1,0,2.4928533557329686,1.1488973187321934,NiFe_Ni95_Fe05_T500_3vac,83,0.8022381467744708,,0.048544191715252524
7c92bcb598741c366ebc36c371edf6071cfe95ba770f07b321ce6acfc3e2b0ea,271,True,A2_fe_ctx_1nn,V1NN_inplane,A2_fe_ctx_1nn,4.968504579135322,0.773632992519177,0.02,5,HOLLOW_FCC,1,1,0,2.509678174136026,1.1228722847013108,NiFe_Ni95_Fe05_T400_4vac,165,0.785666309095177,,0.04784646923266182
cc898ba97d77d06a1ec3091dd0f1b37e3c1b4f1b02be28747a3e813dc9fa2048,272,True,A2_fe_ctx_1nn,V1NN_inplane,A2_fe_ctx_1nn,4.958381912087159,0.8638896088359351,0.02,12,HOLLOW_FCC,1,1,0,2.5199875252058823,1.4773881972420744,NiFe_Ni95_Fe05_T300_1vac,46,0.8722373564833106,,0.04774898841730616
59157f25f5ddc9e1afc97cbd4fb4c0c4dfee1609adf2b2d78f771c9d2d03e6ca,273,True,A2_fe_ctx_1nn,V1NN_inplane,A2_fe_ctx_1nn,4.950059663804807,0.7543787008943574,0.02,3,HOLLOW_FCC,1,1,0,2.4898452752195617,1.3785467639578433,NiFe_Ni95_Fe05_T600_8vac,366,0.7542990830788767,,0.047668845551370145
4b42e3f96df975eca02d091cb502b6d17ff6eafb734bb0537472641f0f1232f8,274,True,A2_fe_ctx_1nn,V1NN_inplane,A2_fe_ctx_1nn,4.929639567437798,0.8323591877122852,0.02,3,HOLLOW_FCC,1,1,0,2.504300232953335,1.4896430326639534,NiFe_Ni95_Fe05_T600_4vac,490,0.8673645522012521,,0.047472200968077416
d0b4c613b9c41a021946285fa9e496ba8a37b2c880fda4fa406c0b4fb3f33255,275,True,A2_fe_ctx_1nn,V1NN_inplane,A2_fe_ctx_1nn,4.913926981259876,0.636576644178816,0.02,3,HOLLOW_FCC,1,1,0,2.4829671558045807,1.3844748739073858,NiFe_Ni95_Fe05_T700_7vac,658,0.6379611808806658,,0.047320889490115904
7f2a01c167691317a72aca922e648cf0b8ddeb8d1453980925eeac298240b605,276,True,A2_fe_ctx_1nn,V1NN_inplane,A2_fe_ctx_1nn,4.912661127886965,0.8608907547146877,0.02,3,HOLLOW_FCC,1,1,0,2.5064147363466627,1.4688946326242989,NiFe_Ni95_Fe05_T700_4vac,352,0.8610428494048392,,0.0473086993806986
92195dc44ef78d583163105971a768c398089b500341da96f326ed2a2442bd5d,277,True,A2_fe_ctx_1nn,V1NN_inplane,A2_fe_ctx_1nn,4.862243044150102,0.7750589320105331,0.02,5,HOLLOW_FCC,1,1,0,2.4843783357968383,1.1799941663831977,NiFe_Ni95_Fe05_T400_4vac,142,0.7955898846166747,,0.04682317556687021
e8caf2a0b2d03237101ef2971141d74df511da2739c051b5cc6fb5df56bc9c12,278,True,A2_fe_ctx_1nn,V1NN_inplane,A2_fe_ctx_1nn,4.85929198275187,0.7074909982951143,,2,OTHER,1,1,0,2.4870182706736035,1.3102427907766503,NiFe_Ni95_Fe05_T700_1vac,411,0.7074902022841343,,0.04679475698213404
516789d40647ab45a4b06641dc8fd54df2a56c28d464ddaa0212a3019d22977f,279,True,A2_fe_ctx_1nn,V1NN_inplane,A2_fe_ctx_1nn,4.808955980318264,0.6623967690256906,,1,HOLLOW_FCC,1,1,0,2.4955625737875513,1.4169702000249764,NiFe_Ni95_Fe05_T700_7vac,1156,0.6623967690256904,,0.04631002360745859
b8f4af6c5e200721088c4270314593c8a2fc6d66f6e65dce1ea32c827b092590,280,True,A2_fe_ctx_1nn,V1NN_inplane,A2_fe_ctx_1nn,4.798755292134252,0.8187832460380379,,1,HOLLOW_FCC,1,1,0,2.4955625737875513,1.1407166506404762,NiFe_Ni95_Fe05_T700_7vac,1155,0.8187832460380378,,0.0462117914521743
66b16dd522c16cdc536b6669d3a315f2253c7602184571a38704a29f524881c5,281,True,A2_fe_ctx_1nn,V1NN_inplane,A2_fe_ctx_1nn,4.776630074618651,0.7774564885396512,0.02,7,HOLLOW_FCC,1,1,0,2.500964441452382,1.2157550181168273,NiFe_Ni95_Fe05_T600_1vac,46,0.8217167386601432,,0.04599872663110687
653db8093c11d1c97e57ae989185b9a3dd43eeee02386bee5850aa1da4e38ce0,282,True,A2_fe_ctx_1nn,V1NN_inplane,A2_fe_ctx_1nn,4.772000763125511,0.6344438412370438,,1,HOLLOW_FCC,1,1,0,2.4761571516426315,1.3725309321936667,NiFe_Ni95_Fe05_T700_7vac,1131,0.6344438412370437,,0.04595414657559981
5e2cb981c6460b9a75670332b71ab5282489e73a5fe199739ddc912bf3845f95,283,True,A2_fe_ctx_1nn,V1NN_inplane,A2_fe_ctx_1nn,4.7382450705711,0.7287713112355051,,1,HOLLOW_FCC,1,1,0,2.4937586188202663,1.3540032653670193,NiFe_Ni95_Fe05_T800_9vac,1404,0.728771311235505,,0.045629080817984495
57625e06e17004383a026b9074e61273238ff4f91d4a2a1b0ac779c860f0cd88,284,True,A2_fe_ctx_1nn,V1NN_inplane,A2_fe_ctx_1nn,4.732785710864619,0.7242488257124934,,1,HOLLOW_FCC,1,1,0,2.499896434770962,1.3542284512662166,NiFe_Ni95_Fe05_T800_9vac,1414,0.7242488257124933,,0.04557650743658457
be28b5c4940d2fbe4f212692a313933a3816b42452c8bb54dc2282daeae455a4,285,True,A2_fe_ctx_1nn,V1NN_inplane,A2_fe_ctx_1nn,4.70133711438938,0.8275340254237225,0.02,3,HOLLOW_FCC,1,1,0,2.4829671558045807,1.1591023481866638,NiFe_Ni95_Fe05_T700_7vac,657,0.8288879481433469,,0.04527365890747548
37f2535dd1e96b7cba611a115f3b9b39bfd10e1f3d26d443dbad5cbb3312d01c,286,True,A2_fe_ctx_1nn,V1NN_inplane,A2_fe_ctx_1nn,4.635836024844914,0.791718440682321,0.02,14,HOLLOW_FCC,1,1,0,2.465850696350266,1.1837554617568173,NiFe_Ni95_Fe05_T300_10vac,108,0.8033416208918425,,0.04464288644552465
3dcd5166b2ed9998889c027aaac3b35c4bc0927b91cbeaadeb2aa6889b604ca1,287,True,A2_fe_ctx_1nn,V1NN_inplane,A2_fe_ctx_1nn,4.542403567471387,0.7298201708984409,0.02,6,OTHER,1,1,0,2.5011196374147597,1.3524351898930222,NiFe_Ni95_Fe05_T500_5vac,166,0.7399386841580053,,0.043743136203605294
b696f9f0588f49acf1dc4be342bbcb04ba3adcbc5e256ab39fbe1ddcd6149d8b,288,True,A2_fe_ctx_1nn,V1NN_inplane,A2_fe_ctx_1nn,4.529748997849944,0.8382265510317667,,1,OTHER,1,1,0,2.473103032323841,1.2399603411666706,NiFe_Ni95_Fe05_T800_1vac,739,0.8382265510317666,,0.04362127328360566
53855947c43bcb99a63fac10c5fb6049c9737090006bf776fd2fd928be72e7cd,289,True,A2_fe_ctx_1nn,V1NN_inplane,A2_fe_ctx_1nn,4.524976998225439,0.8102115743127312,0.02,3,HOLLOW_FCC,1,1,0,2.497401589798004,1.4469459695201718,NiFe_Ni95_Fe05_T600_4vac,518,0.842542681732084,,0.04357531914799493
9710e7f0d1c83292bfd8fb923a31251433a8b25e66d4d63b78e1cb9ec3abbcc4,290,True,A2_fe_ctx_1nn,V1NN_inplane,A2_fe_ctx_1nn,4.513686745732382,0.7858781138866108,,1,HOLLOW_FCC,1,1,0,2.514098796873869,1.379903437936762,NiFe_Ni95_Fe05_T700_5vac,361,0.7858781138866107,,0.043466594538822484
b5ab29f7657adc4ff71531a13fa0ab306f7162f072a0ba35f094285834a76a39,291,True,A2_fe_ctx_1nn,V1NN_inplane,A2_fe_ctx_1nn,4.50009551122521,0.6241667361253598,,2,HOLLOW_FCC,1,1,0,2.4946969224546707,1.4116339794389094,NiFe_Ni95_Fe05_T700_7vac,653,0.6646794883035909,,0.04333571157930743
0cfc9413dd92f02ac3d897595abb94f57b826c5729a07a6fd411cde79f9e25a6,292,True,A2_fe_ctx_1nn,V1NN_inplane,A2_fe_ctx_1nn,4.470472952712118,0.8052663862109188,0.02,4,HOLLOW_FCC,1,1,0,2.4762529444789054,1.4239190127346846,NiFe_Ni95_Fe05_T600_10vac,411,0.8291545026295353,,0.04305044771129343
1ca4b701d9ef6732d89564e6e16176336db54600049c80a270c0618935969835,293,True,A2_fe_ctx_1nn,V1NN_inplane,A2_fe_ctx_1nn,4.455960775712345,0.6679374945004334,0.02,5,HOLLOW_FCC,1,1,0,2.4946375160593606,1.0699463624623644,NiFe_Ni95_Fe05_T500_5vac,205,0.6819401202201334,,0.04291069611818141
96b054b8c39ca5f7905775b3df5376c228510978e1aaf8c5d4c1d8e6fbd1d169,294,True,A2_fe_ctx_1nn,V1NN_inplane,A2_fe_ctx_1nn,4.431723439203095,0.8197262097447343,0.02,3,HOLLOW_FCC,1,1,0,2.4898452752195617,1.184049362528631,NiFe_Ni95_Fe05_T600_8vac,365,0.8197016441754386,,0.04267729168892086
7ef1c8767c29073701411e03f5a4a76d27d13abe9b072a573519e411dcb8c1de,295,True,A2_fe_ctx_1nn,V1NN_inplane,A2_fe_ctx_1nn,4.387881120596038,0.8604142869909587,0.02,4,HOLLOW_FCC,1,1,0,2.4923434105798505,1.47422417209659,NiFe_Ni95_Fe05_T700_6vac,220,0.8604438042020774,,0.042255092189069296
873625befdc86995172e76ac13ff9c1de1058712f70a93c5f705e2a947380cac,296,True,A2_fe_ctx_1nn,V1NN_inplane,A2_fe_ctx_1nn,4.382185618555995,0.7861008713878811,,2,HOLLOW_FCC,1,1,0,2.5116826459712467,1.1091405199979474,NiFe_Ni95_Fe05_T600_5vac,340,0.7860484717893996,,0.04220024476792213
ae4e4ef4372fd3f9067238568b29c823829d2f0331e5cd604254f98e50a0b5b3,297,True,A2_fe_ctx_1nn,V1NN_inplane,A2_fe_ctx_1nn,4.376582591670041,0.6431816778511069,,2,OTHER,1,1,0,2.471602668168424,1.2820193854498787,NiFe_Ni95_Fe05_T700_3vac,525,0.6429415476395661,,0.042146287878230534
d2ae9a264950c579dcb729e61ed113b0b8289ad69d2c39a02fbd400e9d1b6e9d,298,True,A2_fe_ctx_1nn,V1NN_inplane,A2_fe_ctx_1nn,4.368635341996059,0.8083140478584029,,1,OTHER,1,1,0,2.5264672708276303,1.2487503258578743,NiFe_Ni95_Fe05_T800_1vac,555,0.8083140478584028,,0.042069756231544075
e6fa2330ce5df2a196c99a71ad31c424811c269377355ab80667c64831e6157f,299,True,A2_fe_ctx_1nn,V1NN_inplane,A2_fe_ctx_1nn,4.36622924340536,0.604161069255497,,1,HOLLOW_FCC,1,1,0,2.555844414139989,0.9802964188723,NiFe_Ni95_Fe05_T800_6vac,1455,0.6041610692554968,,0.042046585613432115
7cf1a9fd69fbcf1e8d8c8f2af63747a3035a7dc6b4c164f135b857d8764f53e4,300,True,A2_fe_ctx_1nn,V1NN_inplane,A2_fe_ctx_1nn,4.343773781454067,0.8245610225221754,,1,HOLLOW_FCC,1,1,0,2.4921160218320844,1.1998290683462345,NiFe_Ni95_Fe05_T800_4vac,556,0.8245610225221753,,0.04183034055372751
0109fdd5b04729bf2eb61875c131d6ec39a717382e177c1af917c3c1cf995115,301,True,B_V1NN_outofplane,V1NN_outofplane,A1_fe_mover,7.648385688783989e-05,1.5090578948693292,,1,HOLLOW_HCP,1,1,0,2.343075311142071,1.9638142862318702,NiFe_Ni95_Fe05_T800_7vac,787,1.5090578948693292,,7.36536003357414e-07
0b8b5ad64ed433162935a27abbd5323b86defcf1ec534294265a3ff13da91e26,302,True,B_V1NN_outofplane,V1NN_outofplane,A1_fe_mover,3.650549689462821e-05,1.5135924690475804,,1,HOLLOW_HCP,1,1,0,2.3495377450848682,1.9634680719133766,NiFe_Ni95_Fe05_T800_7vac,765,1.5135924690475804,,3.515462461938265e-07
0bf980debfa7fd8d37223e8e64343845a914f804bf36e71068688dce23a1ee51,303,True,B_V1NN_outofplane,V1NN_outofplane,A1_fe_mover,2.2110127224857663e-05,1.519250302153523,,1,HOLLOW_HCP,1,1,0,2.3461559801863587,1.953405255912859,NiFe_Ni95_Fe05_T800_7vac,1074,1.519250302153523,,2.1291950226570936e-07
41893a62a6fc64f18bebeeace5aee9c4283ee0fd4177cc27c78a5af44f38d528,304,True,B_V1NN_outofplane,V1NN_outofplane,A1_fe_mover,3.59495780400126e-06,1.5183655746568547,,1,HOLLOW_HCP,1,1,0,2.3477001415310825,1.9592684736702144,NiFe_Ni95_Fe05_T800_7vac,1255,1.5183655746568547,,3.4619277334307764e-08
a0e1e7810561c0236ab6b6a6d1a32345665e27dae868d093d9db9c3ff6da1994,305,True,B_V1NN_outofplane,V1NN_outofplane,A1_fe_mover,3.5944383785648005e-07,1.51333053205326,,1,HOLLOW_HCP,1,1,0,2.3410146691992675,1.9590066830294777,NiFe_Ni95_Fe05_T800_7vac,1082,1.51333053205326,,3.461427529138551e-09
75321fdede42799f5b198f516d50e4f918e70815a63b491481eb0abea2752efe,306,True,B_V1NN_outofplane,V1NN_outofplane,A1_fe_mover,3.288612480085179e-08,1.5106033024821954,,1,HOLLOW_HCP,1,1,0,2.3396299678090284,1.963008591447634,NiFe_Ni95_Fe05_T500_9vac,654,1.5106033024821954,,3.166918603784941e-10
efcf4a16e111144b7a4049163480ac4c750d9e8351b980673dcfeb02fa765475,307,True,B_V1NN_outofplane,V1NN_outofplane,A1_fe_mover,2.9527118961997187e-08,1.478619412790067,,1,HOLLOW_HCP,1,1,0,2.3432627155797263,1.9507493666397422,NiFe_Ni95_Fe05_T500_10vac,874,1.4786194127900671,,2.843447895523949e-10
2b766e63d1660525d3ba77a029ea5eaa41b95657c8f7c616a46f54617cafd36b,308,True,B_V1NN_outofplane,V1NN_outofplane,A1_fe_mover,1.3492652195536e-08,1.5163931992483413,,1,HOLLOW_HCP,1,1,0,2.348680673056641,1.9660873830271337,NiFe_Ni95_Fe05_T800_7vac,1038,1.5163931992483413,,1.2993361641483498e-10
21ead44b98c6c45f1ea1b844434d0ca597398cc760bbc78c1b598df3ab8a0a02,309,True,B_V1NN_outofplane,V1NN_outofplane,A1_fe_mover,1.76542246651627e-09,1.512296121804866,,1,HOLLOW_HCP,1,1,0,2.3403587905370418,1.963689318420487,NiFe_Ni95_Fe05_T500_9vac,733,1.5122961218048658,,1.7000936676508204e-11
82d45936edef19a6bee12cd76fcbcbcff7b8173296c6ec86749c0a0d77020cba,310,True,B_V1NN_outofplane,V1NN_outofplane,A1_fe_mover,1.0709588478473775e-09,1.5182614331652076,,1,HOLLOW_HCP,1,1,0,2.354336614829894,1.9606316187512225,NiFe_Ni95_Fe05_T500_10vac,824,1.5182614331652076,,1.0313284157603446e-11
7b52d5b0ec6e4d221575d2ca7dee7b707d92876e6ee12d0683c4188264531085,311,True,B_V1NN_outofplane,V1NN_outofplane,A1_fe_mover,5.928336166479565e-10,1.5186296671499802,,1,HOLLOW_HCP,1,1,0,2.3478661505558316,1.963313112519648,NiFe_Ni95_Fe05_T500_9vac,757,1.5186296671499804,,5.708960301284555e-12
1516b68b8aa46f92d51027e1dcea054016a59ef46eca0bcef653feafd98e2295,312,True,B_V1NN_outofplane,V1NN_outofplane,A2_fe_ctx_1nn,3.176480097773018e-12,2.239503827547196,,1,BRIDGE,1,1,0,3.213434150519591,2.4671091868186563,NiFe_Ni95_Fe05_T700_9vac,601,2.239503827547196,,3.0589356383910034e-14
a25f950854b03a0079b0933e88ce2dc610aa0fb95e635b4b06e18af748931b49,313,True,B_V1NN_outofplane,V1NN_outofplane,A0_no_local_fe,3.9545340540319994e-13,2.1198156157070116,,1,BRIDGE,1,1,0,3.2480979361658164,2.469067722055099,NiFe_Ni95_Fe05_T700_9vac,1075,2.1198156157070116,,3.808197998655847e-15
30fa012c51f5b055032d0e2d38693266232fe622bc000fbeb0fa81680d79a9e7,314,True,B_V1NN_outofplane,V1NN_outofplane,A2_fe_ctx_1nn,2.4242968100812824e-15,2.314313574765947,,1,BRIDGE,1,1,0,3.1440157440515435,2.4678705126477603,NiFe_Ni95_Fe05_T600_9vac,909,2.314313574765947,,2.3345866122675673e-17
21c2c8b342202fe2a42b29d1636265d0f1f31e5099ba413632685ae0d3c09571,315,True,B_V1NN_outofplane,V1NN_outofplane,A1_fe_mover,0.0,0.05342512343213463,,1,HOLLOW_HCP,1,1,0,2.3477001415310825,0.4525837823049245,NiFe_Ni95_Fe05_T800_7vac,1256,0.05342512343213457,,0.0
41ddc15b90d6a6c069822e5c22aec1500a9afbee417bb837f9e609073f4625a8,316,True,B_V1NN_outofplane,V1NN_outofplane,A0_no_local_fe,0.0,0.07596575177376515,,1,BRIDGE,1,1,0,3.2480979361658164,0.9892698818634889,NiFe_Ni95_Fe05_T700_9vac,1076,0.07596575177376508,,0.0
8316beb2fb1513a12ae6160d53536c4331892e92bfb6d453ba452ed9bb701ae3,317,True,B_V1NN_outofplane,V1NN_outofplane,A1_fe_mover,0.0,0.05052251622055342,,1,HOLLOW_HCP,1,1,0,2.3396299678090284,0.44193768473243983,NiFe_Ni95_Fe05_T500_9vac,655,0.05052251622055337,,0.0
99ce458f036509852e11ce12087cca5af5238007fce3df46e4fd405c946bfbb9,318,True,B_V1NN_outofplane,V1NN_outofplane,A0_no_local_fe,0.0,0.0601970725492719,,1,BRIDGE,1,1,0,3.213434150519591,0.9101530583324476,NiFe_Ni95_Fe05_T700_9vac,602,0.06019707254927198,,0.0
a1ee8990ca0a64a2ef7ed23d80a32b60f8ca3c0aa05ea400f4a9a85e766435e6,319,True,B_V1NN_outofplane,V1NN_outofplane,A1_fe_mover,0.0,0.051955627790448426,,1,HOLLOW_HCP,1,1,0,2.348680673056641,0.4462218195076605,NiFe_Ni95_Fe05_T800_7vac,1039,0.05195562779044849,,0.0
b0b4343d4d93752d1eb43bde450f29061f2f1c1ae7ac2c41e6eeda75162587b4,320,True,B_V1NN_outofplane,V1NN_outofplane,A1_fe_mover,0.0,0.053149907244915036,,1,HOLLOW_HCP,1,1,0,2.3478661505558316,0.44912723482461225,NiFe_Ni95_Fe05_T500_9vac,758,0.053149907244915084,,0.0
c3a52a78b360cd2d19be1ffe8e1b7f78c690037486ff0ba5699247cd4e1ab5fc,321,True,B_V1NN_outofplane,V1NN_outofplane,A1_fe_mover,0.0,0.0554839997666932,,1,HOLLOW_HCP,1,1,0,2.3432627155797263,0.4567210044013467,NiFe_Ni95_Fe05_T500_10vac,875,0.05548399976669316,,0.0
c88a249ae3cb397bfbdf08f5fa889a100e700d26f938e4bb69ef149bf50d60ad,322,True,B_V1NN_outofplane,V1NN_outofplane,A1_fe_mover,0.0,0.05138610560607056,,1,HOLLOW_HCP,1,1,0,2.3410146691992675,0.44627659207140846,NiFe_Ni95_Fe05_T800_7vac,1083,0.05138610560607049,,0.0
cc08cc70925b5d76711c1690a41ce6ce8630f4393e901655a596a516efc38883,323,True,B_V1NN_outofplane,V1NN_outofplane,A1_fe_mover,0.0,0.05318890971648222,,1,HOLLOW_HCP,1,1,0,2.3495377450848682,0.4512003611536396,NiFe_Ni95_Fe05_T800_7vac,766,0.05318890971648216,,0.0
eab2b0e0bf86afb2cdfab0d7f05191f1d61cad2d8d23191b8619852ec1fef7e9,324,True,B_V1NN_outofplane,V1NN_outofplane,A1_fe_mover,0.0,0.05511576985736619,,1,HOLLOW_HCP,1,1,0,2.3461559801863587,0.4587373608744411,NiFe_Ni95_Fe05_T800_7vac,1075,0.055115769857366104,,0.0
fbd6b47c020e4b2b20e744b3d1686711e844cd213f85f8d1b6dbc4fa3ad3ea76,325,True,B_V1NN_outofplane,V1NN_outofplane,A1_fe_mover,0.0,0.055298568315265535,,1,HOLLOW_HCP,1,1,0,2.354336614829894,0.4582940665095965,NiFe_Ni95_Fe05_T500_10vac,825,0.055298568315265584,,0.0
fc17d0785e74b0d369ac3a1e153ff4b5e67cc1a925e526a7631a1aabb6e0b918,326,True,B_V1NN_outofplane,V1NN_outofplane,A1_fe_mover,0.0,0.050021796057080875,,1,HOLLOW_HCP,1,1,0,2.343075311142071,0.44320776071458906,NiFe_Ni95_Fe05_T800_7vac,788,0.05002179605708079,,0.0
125d5c2b3ac73d924e4c60ace49c6abcf1994249762a2c6096705ed509df133c,327,True,B_HOP_2NN,HOP_2NN,A2_fe_ctx_1nn,2.618879652545e-06,1.4207653372286586,,1,HOLLOW_HCP,1,1,0,3.465518402026637,1.8535789631328599,NiFe_Ni95_Fe05_T800_8vac,2430,1.4207653372286586,,2.52196898933613e-08
5b13bb88a3e27033103b62ff24ed887720c7446c15970d80e0a70f0c09a69535,328,True,B_HOP_2NN,HOP_2NN,A1_fe_mover,1.4346688749258286e-06,1.617766971339404,0.02,5,HOLLOW_HCP,1,1,0,3.5527235203606615,2.073312268298769,NiFe_Ni95_Fe05_T500_8vac,663,1.6954543863193976,,1.38157948915773e-08
442e4f6d97085a6f9be3c80c0dfa9e01231913bc439ae3586e4564c42c385d7e,329,True,B_HOP_2NN,HOP_2NN,A2_fe_ctx_1nn,1.0633951108753208e-06,1.824744424450516,,2,HOLLOW_HCP,1,1,0,3.4697519799504053,2.028337439931953,NiFe_Ni95_Fe05_T800_8vac,2357,1.7540738818834143,,1.0240445720493574e-08
fdac53913077bc1dce9367ad6e20de7087f543ab78a27d0030fbf8cc73e50bc0,330,True,B_HOP_2NN,HOP_2NN,A0_no_local_fe,3.908883723469763e-07,1.8662908373371465,,1,HOLLOW_HCP,1,1,0,3.489406821753578,1.9833510937882588,NiFe_Ni95_Fe05_T800_8vac,2929,1.8662908373371465,,3.764236941522496e-09
8c30b59be35ba5535aafd3a1ca0d38af1783051400bbc8ab36929362fa6f3b79,331,True,B_HOP_2NN,HOP_2NN,A1_fe_mover,3.499919542893444e-07,1.732186652774544,,1,HOLLOW_HCP,1,1,0,3.535036667939934,2.083990076712281,NiFe_Ni95_Fe05_T800_10vac,1388,1.7321866527745442,,3.3704063276718598e-09
56edca9a58de7a9d9b2c18921d0aa200da1a938485934555ab893fc06965a02d,332,True,B_HOP_2NN,HOP_2NN,A0_no_local_fe,2.585360634491586e-07,1.860528410095867,,1,HOLLOW_HCP,1,1,0,3.4941186896758056,1.9825743597644643,NiFe_Ni95_Fe05_T800_9vac,376,1.860528410095867,,2.4896903300241e-09
d07b878e2dad1a6e34c1d1e6dac8d98a8f05be1ca81b29fd386568beb5359093,333,True,B_HOP_2NN,HOP_2NN,A0_no_local_fe,2.559507781134057e-07,1.8269409956446907,,1,HOLLOW_HCP,1,1,0,3.4914245442472245,2.0184103416014003,NiFe_Ni95_Fe05_T800_9vac,1063,1.8269409956446907,,2.464794151847229e-09
f7fad0585f3f6d952f920e7d325eaff989b78d292dcce5bcb41a263d929d27fc,334,True,B_HOP_2NN,HOP_2NN,A2_fe_ctx_1nn,2.093942217651726e-07,1.839892067609071,,1,HOLLOW_HCP,1,1,0,3.490156357138156,2.0399834202108913,NiFe_Ni95_Fe05_T800_9vac,1045,1.839892067609071,,2.016456668120467e-09
8dc77f3ffae567b19339cd7be5f6bede3d23844195e11dd93d72b827f13d4322,335,True,B_HOP_2NN,HOP_2NN,A1_fe_mover,2.0611282772024098e-07,1.710755512051037,,1,HOLLOW_HCP,1,1,0,3.5238479175203388,2.050657397720496,NiFe_Ni95_Fe05_T800_6vac,1795,1.710755512051037,,1.984856995279191e-09
25d439e36b50c5eb1691d3aa43b48739dc75cf5487461a1591d3e69768c4e821,336,True,B_HOP_2NN,HOP_2NN,A2_fe_ctx_1nn,1.903025395892442e-07,1.8556576924302135,,1,HOLLOW_HCP,1,1,0,3.505496633957998,2.0016562538337146,NiFe_Ni95_Fe05_T800_6vac,692,1.8556576924302135,,1.8326046520296842e-09
af5e5c5f4a8eaaada22793024ef872ae0497306e9196d10d129958b9b44bf4b4,337,True,B_HOP_3NN,HOP_3NN,A2_fe_ctx_1nn,0.2855648228851826,2.15876631102401,,1,BRIDGE,1,1,0,4.244558699505995,2.4925065542695837,NiFe_Ni95_Fe05_T600_4vac,302,2.15876631102401,,0.00274997603292624
3939d12954e4efea76ba2c1e412272ce2b047cee752d0fc908f33275263c71d8,338,True,B_HOP_3NN,HOP_3NN,A0_no_local_fe,0.152195075598312,2.1305813758918215,,2,BRIDGE,1,1,0,4.26323971414719,2.424212275657054,NiFe_Ni95_Fe05_T700_5vac,584,2.125103252576082,,0.0014656315368123448
477a11958ebba781e15cc2a9acf664e1a3b899836bb1de0c19753f7680faa254,339,True,B_HOP_3NN,HOP_3NN,A2_fe_ctx_1nn,0.1042761789638601,2.1924996441974076,,2,BRIDGE,1,1,0,4.228440565560433,2.511940512222491,NiFe_Ni95_Fe05_T500_7vac,236,2.191882995204651,,0.001004174779157023
be7b21520e627347f40f007ca5e301ee40335f01e176a4f34660c99200308900,340,True,B_HOP_3NN,HOP_3NN,A2_fe_ctx_1nn,0.000174741275259,1.6922046398240127,,1,BRIDGE,1,1,0,4.229504068628366,3.124661053172046,NiFe_Ni95_Fe05_T800_10vac,523,1.6922046398240127,,1.682750396460512e-06
8099899150eca87b981e11e016ff1ffd7d208b3618b35e99d9cb39e957e9c713,341,True,B_HOP_3NN,HOP_3NN,A2_fe_ctx_1nn,8.39482720752169e-05,1.6755658443926222,,1,BRIDGE,1,1,0,4.2787394374081975,3.207178918055594,NiFe_Ni95_Fe05_T700_8vac,197,1.6755658443926222,,8.084179762758738e-07
3bf1a96f2dc6af6c6f91c49a2ac7ab5d23a9518f6513f7f24cd8463215b994c8,342,True,B_HOP_3NN,HOP_3NN,A2_fe_ctx_1nn,6.863079433315703e-05,1.6877457228965795,,1,BRIDGE,1,1,0,4.2215921505453275,3.1120864234544228,NiFe_Ni95_Fe05_T800_10vac,597,1.6877457228965795,,6.609113742722995e-07
d1517e4edf451f61c0625f6a50b3e818753cf7e296b318e313ddb2defe0f8737,343,True,B_HOP_3NN,HOP_3NN,A2_fe_ctx_1nn,6.0628132944992576e-05,1.6789676438239105,0.02,3,BRIDGE,1,1,0,4.251004352712575,3.212978609888487,NiFe_Ni95_Fe05_T500_9vac,411,1.7343400128847861,,5.838461153418432e-07
143f9178853962fdba4a1c6c32e26298455be71c1231d93903c8eae5c238e83e,344,True,B_HOP_3NN,HOP_3NN,A0_no_local_fe,5.1275643303018886e-05,1.79662663772433,,1,BRIDGE,1,1,0,4.266929234927694,3.186421838287014,NiFe_Ni95_Fe05_T800_8vac,1354,1.79662663772433,,4.9378207277607e-07
6f810b60a2e916506a63d9e109ede0be21b9a8a103aca497bf0bf981d95057d9,345,True,B_HOP_3NN,HOP_3NN,A0_no_local_fe,4.115118754925817e-05,1.7657325147001757,,1,BRIDGE,1,1,0,4.202763453733658,3.2117470965064476,NiFe_Ni95_Fe05_T700_10vac,480,1.7657325147001757,,3.9628403226826345e-07
eb680449bb999df85ff12d11718bcce8f2c69d1c17c2159cb59696cf18e08fb7,346,True,B_HOP_3NN,HOP_3NN,A0_no_local_fe,2.7434642454244693e-05,1.7851326404161227,,1,BRIDGE,1,1,0,4.182953401920267,3.15591402096287,NiFe_Ni95_Fe05_T800_8vac,2410,1.7851326404161227,,2.641943375897098e-07
6d60902cf2436286bea72e14a4f3ce66f88edcd8fbd37d0af919c08e2b02ebc1,347,True,B_HOP_3NN,HOP_3NN,A0_no_local_fe,1.973684588059755e-05,1.8014987875058068,,1,BRIDGE,1,1,0,4.253218276844701,3.2023329480000164,NiFe_Ni95_Fe05_T800_6vac,308,1.8014987875058068,,1.9006491271869647e-07
a369a4872e6c951aa15f9ee6b4bfee6a1aebcfffd705f02cf14582b4478cee04,348,True,B_HOP_3NN,HOP_3NN,A0_no_local_fe,1.9442837977914277e-05,1.7843342436417513,,1,BRIDGE,1,1,0,4.266983132879645,3.122100935871845,NiFe_Ni95_Fe05_T800_6vac,780,1.7843342436417515,,1.8723363021792787e-07
51aac4f518824b545b5e4eb065dbd03536846fbb025ca06030f87c0000bd504c,349,True,B_HOP_4NN,HOP_4NN,A0_no_local_fe,1.7363023717503662e-08,2.1368619456579836,,1,BRIDGE,1,1,0,4.9124757252185285,2.475187719622536,NiFe_Ni95_Fe05_T800_8vac,2937,2.1368619456579836,,1.6720511511133496e-10
331fa96aac9facf3cb1c9ee245e9e9a958517b3c78c9a9ea98f2c7351c0780d0,350,True,B_HOP_4NN,HOP_4NN,A0_no_local_fe,1.3133223495301612e-08,2.1249925697775325,,1,BRIDGE,1,1,0,4.931914777093917,2.5576202539112467,NiFe_Ni95_Fe05_T800_9vac,366,2.1249925697775325,,1.2647233466029687e-10
ef78f2f9c8b06ab54c2bbed4e508e589e8078ba3ec2f978eb789d3f42d6dd609,351,True,B_HOP_4NN,HOP_4NN,A2_fe_ctx_1nn,2.169324328283737e-09,2.0745512955678103,0.02,3,BRIDGE,1,1,0,4.930676725201435,2.453346477213653,NiFe_Ni95_Fe05_T600_8vac,771,2.126606912152056,,2.089049291908998e-11
d9e144e4bd046f5079448904c1e593de266a262ccab41940518731d7b0150c52,352,True,B_HOP_4NN,HOP_4NN,A0_no_local_fe,1.97450788741707e-09,2.143042169862383,,1,BRIDGE,1,1,0,4.932323336238019,2.4851074453087256,NiFe_Ni95_Fe05_T800_10vac,890,2.143042169862383,,1.901441960659122e-11
3bb1625a628d1c1f22a9f42f56cc04bec833c24a8865d4bea1ec6f22d46b8f30,353,True,B_HOP_4NN,HOP_4NN,A2_fe_ctx_1nn,1.748160834970902e-09,2.1031366382603665,,1,BRIDGE,1,1,0,4.9284252068760415,2.538592557710761,NiFe_Ni95_Fe05_T800_10vac,1300,2.1031366382603665,,1.6834707963323696e-11
c0d632ffe02119055042be7900114526c64f5d3696879f5dc49cf8655123b4cd,354,True,B_HOP_far,HOP_far,A0_no_local_fe,2.028517347127216e-09,2.044551740677889,,1,BRIDGE,1,1,0,5.555597199960677,2.580442909137903,NiFe_Ni95_Fe05_T800_8vac,2163,2.044551740677889,,1.953452820488981e-11
8bf50a8c04e5ee95748ddda981ad4642b000318f7b08c20fa07a535dd77a8879,355,True,B_HOP_far,HOP_far,A2_fe_ctx_1nn,1.9684029346147823e-09,2.1579840098611385,,1,BRIDGE,1,1,0,5.528751371521887,2.6447998542836735,NiFe_Ni95_Fe05_T800_8vac,1334,2.1579840098611385,,1.8955629193546588e-11
bad4da8bf784aad0b0950150a167f2d000a4802fc0bb66c1f6563ba4b38915f8,356,True,B_HOP_far,HOP_far,A2_fe_ctx_1nn,1.6300217647849231e-09,2.2721870574114296,,1,BRIDGE,1,1,0,5.523651808298821,2.4157547899553893,NiFe_Ni95_Fe05_T800_8vac,1413,2.272187057411429,,1.5697034183054696e-11
a2ac53eadbf47035526508827ce60812267870ab0301977702a7116ed1cf5277,357,True,B_HOP_far,HOP_far,A2_fe_ctx_1nn,1.606554979002844e-09,2.038539135040992,,1,BRIDGE,1,1,0,5.550361235286075,2.5921450880028947,NiFe_Ni95_Fe05_T700_10vac,1254,2.038539135040992,,1.5471050121647812e-11
bf0ee0fdb0516866bc38669ae3dd9ef0f91bfb7da57af53ce8e5a786a1225ecb,358,True,B_HOP_far,HOP_far,A2_fe_ctx_1nn,1.433181829432769e-09,2.098964952442657,,1,BRIDGE,1,1,0,5.526155474267448,2.602057874893723,NiFe_Ni95_Fe05_T800_8vac,2552,2.098964952442657,,1.3801474712276263e-11
3d47227ec6af2634171b84826cf892aa514398299d4eecf5280642152fe411c7,359,True,B_C2_0deg,C2_0deg,A0_no_local_fe,2.984465394889292,0.8184225086242806,,1,HOLLOW_FCC|OTHER,2,2,0,0.04515950309405414,0.9055609441713784,NiFe_Ni95_Fe05_T800_10vac,492,0.8184225086242805,,0.028740263678566535
0778b08feebb9c064a80369b118b2aacb1c60582ca4c7ba509adf1dbb9ec2eac,360,True,B_C2_0deg,C2_0deg,A2_fe_ctx_1nn,1.7477032251636673,0.8556232038772577,,1,HOLLOW_FCC|OTHER,2,2,0,0.033420076211403416,0.9153562790816974,NiFe_Ni95_Fe05_T700_7vac,421,0.8556232038772578,,0.016830301202051024
d928e72e6b2206dfcea17866c2e369702f3dfe6b7bee5a551f4036dae63b6c94,361,True,B_C2_0deg,C2_0deg,A2_fe_ctx_1nn,0.8598422452149949,0.7981210483276301,,1,HOLLOW_FCC|OTHER,2,2,0,0.0027538550718044785,0.8895956809107335,NiFe_Ni95_Fe05_T700_5vac,391,0.79812104832763,,0.0082802410414165
f08b54f7ecec900381bff2c185d72186656ea5fd043c3cf9ec1c0ba1e1c9360f,362,True,B_C2_0deg,C2_0deg,A1_fe_mover,0.845147325157852,0.730359742501605,,1,HOLLOW_FCC|OTHER,2,2,0,0.033259346783316435,0.8844743696743067,NiFe_Ni95_Fe05_T700_10vac,1283,0.7303597425016051,,0.008138729641116478
7e8e3101aaefbc0c8c62f44c25c2fccecb7981136d26a531b2ef5d925e001fe2,363,True,B_C2_0deg,C2_0deg,A0_no_local_fe,0.8094326491634878,0.8340228382821807,,1,HOLLOW_FCC|OTHER,2,2,0,0.02222711368841579,0.9167252765567886,NiFe_Ni95_Fe05_T800_8vac,700,0.8340228382821806,,0.0077947989636054146
ae46a8ff689413498132d0637bddff83aa5e2333dc12ea9bbb6fabc665fde976,364,True,B_C2_0deg,C2_0deg,A0_no_local_fe,0.7288066684496565,0.8506823570542111,,1,HOLLOW_FCC|OTHER,2,2,0,0.02411825613914864,0.93931704044335,NiFe_Ni95_Fe05_T800_6vac,459,0.850682357054211,,0.007018374499436183
0cd7fecf866b3bc443e75b2f874a7fa644f82dd0303dfac40ff08fe8a7fb72a0,365,True,B_C2_0deg,C2_0deg,A2_fe_ctx_1nn,0.6883665928742733,0.8838600349845366,,1,HOLLOW_FCC|OTHER,2,2,0,0.037224768343403714,0.9642983888046114,NiFe_Ni95_Fe05_T800_6vac,1012,0.8838600349845365,,0.0066289384425772336
aafef86d0a36fc28afa7cbfbd82bdc7d7efe95bf11ef7440f7e304a70333aaa6,366,True,B_C2_0deg,C2_0deg,A2_fe_ctx_1nn,0.5477828116516834,0.8304289467687341,,1,HOLLOW_FCC|OTHER,2,2,0,0.011541112562222677,0.86721320312893,NiFe_Ni95_Fe05_T800_7vac,392,0.830428946768734,,0.005275123133414629
fdcc4d1eff7a39f247cd76bf0df89b09a7107e80950efd9ba546f3aff43633d8,367,True,B_C2_0deg,C2_0deg,A0_no_local_fe,0.2394937316055,0.08231686621820707,,1,OTHER,2,2,0,0.0577997658022269,0.4350991135388303,NiFe_Ni95_Fe05_T700_9vac,509,0.082316866218207,,0.0023063135553499157
dbf79fc53f96cc4a502b47883a99e793ce3c7d09fc9da7f32492373ae3ab5342,368,True,B_C2_0deg,C2_0deg,A1_fe_mover,0.1874972048099787,1.2052259888473429,0.02,6,HOLLOW_FCC|OTHER,2,2,0,0.0595749624446702,1.5751628069997616,NiFe_Ni95_Fe05_T500_8vac,662,1.246707883577983,,0.0018055894078922213
37a3f4a63b9da29384f8299bf9ecba38ad317d17988dd478d7dc39a4a29cf435,369,True,B_C2_0deg,C2_0deg,A2_fe_ctx_1nn,0.1846258705229421,0.9417054556624864,,1,HOLLOW_FCC|OTHER,2,2,0,0.05444128780036861,1.0569492809405074,NiFe_Ni95_Fe05_T800_7vac,1190,0.9417054556624862,,0.0017779385915483443
4b6412ef184bf3d6835f33eaff07f09c67c7a1cba73c1ed6a00d363874dbb9d6,370,True,B_C2_0deg,C2_0deg,A0_no_local_fe,0.1799580912324645,0.9622502364236424,,1,HOLLOW_FCC|OTHER,2,2,0,0.04074841808330687,1.0657433201072113,NiFe_Ni95_Fe05_T500_10vac,256,0.9622502364236425,,0.0017329880929326097
d80ae1fd661db283ae49f4692fd7aab5960916be4a1824d99fcbea4203b3be79,371,True,B_C2_60deg,C2_60deg,A0_no_local_fe,0.3508917022466252,1.9215230695963328,,1,HOLLOW_HCP|OTHER,2,2,0,0.0791533679831633,1.5439281898361517,NiFe_Ni95_Fe05_T700_7vac,459,1.9215230695963328,,0.003379070858874259
e0520e9b68c6ac76fb8fa505d512c21d874fb9cb7ba1f41032e79ecea688b04b,372,True,B_C2_60deg,C2_60deg,A2_fe_ctx_1nn,8.128848560191404e-05,1.4395967657328583,,1,HOLLOW_HCP|OTHER,2,2,0,0.05879669605437332,1.6219249422653632,NiFe_Ni95_Fe05_T800_8vac,1648,1.4395967657328583,,7.828043555911399e-07
7ded7a3af216e03bc5f865c3f5ed6d7bec498654ae3af3a45532e30b8db9831f,373,True,B_C2_60deg,C2_60deg,A2_fe_ctx_1nn,3.983460613696226e-05,1.6785311598605404,,1,HOLLOW_HCP|OTHER,2,2,0,0.13904538777287545,1.6187081191886272,NiFe_Ni95_Fe05_T700_9vac,1126,1.6785311598605404,,3.8360541417857796e-07
46f62abad1922be03fc0d84db97c26d25b343ee44f77f877ce99f76d0344c8dc,374,True,B_C2_60deg,C2_60deg,A0_no_local_fe,3.35894157368809e-05,1.7964413919435174,,1,HOLLOW_HCP|OTHER,2,2,0,0.17229779853098126,1.5825997986051514,NiFe_Ni95_Fe05_T800_10vac,1349,1.7964413919435174,,3.2346451955518806e-07
2fd5d6e5acafbb6b450eb08ba320a6134eb4bee2200e690345830b11df0d05f0,375,True,B_C2_60deg,C2_60deg,A0_no_local_fe,2.5579047710159276e-05,1.8619490675646373,,1,HOLLOW_HCP|OTHER,2,2,0,0.161010695730607,1.5826990774383225,NiFe_Ni95_Fe05_T800_6vac,885,1.8619490675646375,,2.463250460519685e-07
dba993820540cfb4ed05299f1eddabf5442349c5bf25e376e047230c70d6cc94,376,True,B_C2_90deg,C2_90deg,A1_fe_mover,0.0148190363213113,1.3837804152071838,,1,HOLLOW_FCC|OTHER,2,2,0,0.025000413900805096,0.9842100489110753,NiFe_Ni95_Fe05_T800_9vac,889,1.383780415207184,,0.00014270663418181135
fddbe43865be917ba756ef3831a12d5ce6526100a4dce7db5d1d853431df85bb,377,True,B_C2_90deg,C2_90deg,A0_no_local_fe,0.0088034395250208,1.42517749689614,,1,HOLLOW_FCC|OTHER,2,2,0,0.01420944616025599,1.0065728511600285,NiFe_Ni95_Fe05_T800_10vac,513,1.42517749689614,,8.477671534093891e-05
6955bf72901ea19afd8ec42c740764b15f51dc7f24f431f9374d4be471df99a7,378,True,B_C2_90deg,C2_90deg,A2_fe_ctx_1nn,0.0080039881817662,1.4536164880009892,,1,HOLLOW_FCC|OTHER,2,2,0,0.10230213990759962,1.2270172996814839,NiFe_Ni95_Fe05_T700_10vac,985,1.4536164880009892,,7.707803589145789e-05
8c913b23ae7853ea4a7606774d41c0d7c869dab3c3df31f9649c8a0a0db41c74,379,True,B_C3,C3,A1_fe_mover,4.9066255484659e-05,1.2219497851347114,,1,HOLLOW_FCC|OTHER,3,3,0,0.010737162274248702,0.8589478645766442,NiFe_Ni95_Fe05_T700_7vac,409,1.2219497851347114,,4.7250577030105636e-07
d2328d840d1051dd83f2df2d45775cecf7f1a46d035ddd0fdbf2f8a5a78e8492,380,True,B_C3,C3,A0_no_local_fe,1.994385775285651e-05,1.2908058365146644,,1,HOLLOW_FCC|OTHER,3,3,0,0.06705285704230013,1.0594864145498513,NiFe_Ni95_Fe05_T700_5vac,63,1.2908058365146644,,1.920584274712899e-07
1c55e1dd76939cc8004618b299c6d9e6982f63c90ee90d3c10fc14f5d701d04f,381,True,B_C3,C3,A0_no_local_fe,4.933882497289057e-06,1.3043638789722536,,1,HOLLOW_FCC|OTHER,3,3,0,0.09341698342569327,1.0028000295040846,NiFe_Ni95_Fe05_T600_9vac,402,1.3043638789722536,,4.751306018624883e-08
e6df7a31b7bfb51cd890454ef88c734798213679ac993084fde1f79b82731df8,382,True,B_C3,C3,A2_fe_ctx_1nn,2.0454106945428e-06,1.4209406045683863,,1,HOLLOW_FCC|OTHER,3,3,0,0.04251501001188229,0.9606015719647881,NiFe_Ni95_Fe05_T800_6vac,1622,1.4209406045683863,,1.9697210358942902e-08
29fbb62931a86118f64151c91f6a421f35c5aa9bc72568eda7a25a0ad22c3268,383,True,B_C3,C3,A1_fe_mover,1.8564741893286e-06,1.2136316312189592,,1,HOLLOW_FCC|OTHER,3,3,0,0.03496573804867609,0.8991712569525102,NiFe_Ni95_Fe05_T800_7vac,655,1.2136316312189592,,1.7877760554746265e-08
b46e6d7304ebe5a316b764dde1d02f16f861cda1866001e047747b69531ead59,384,True,B_UNCLASSIFIED,UNCLASSIFIED,A1_fe_mover,5.734302158151217e-13,2.0919096266552515,,1,HOLLOW_FCC,2,2,0,0.9654984641310467,2.3340324505312986,NiFe_Ni95_Fe05_T600_8vac,826,2.0919096266552515,,5.5221064489492104e-15
601135e8a9692e043e37a89649ad13e1b7d612c1d818a44aa3b2e73352c79e0b,385,True,B_UNCLASSIFIED,UNCLASSIFIED,A1_fe_mover,2.9971669725176145e-14,2.2067428171076244,,1,HOLLOW_FCC,2,2,0,1.0192558707271795,2.362027747711516,NiFe_Ni95_Fe05_T600_7vac,377,2.2067428171076244,,2.886257928349762e-16
4fcb7d04f64d13cf8137988d9bca2f6b57dd7f347055a94df795e21ef4ec875f,386,True,B_UNCLASSIFIED,UNCLASSIFIED,A1_fe_mover,2.7890678682719998e-14,2.1060506018502565,,1,HOLLOW_FCC,2,2,0,1.00954891098998,2.364280626557941,NiFe_Ni95_Fe05_T700_8vac,314,2.1060506018502565,,2.685859453717278e-16
c92dfaf73914dbb8bca25df75aa304c43c3caf75ed3ac746b7ba2511f819b82e,387,False,X_mover_mismatch,V1NN_inplane,A1_fe_mover,27.166472730748872,0.643243337207423,,1,OTHER,1,1,1,-2.4767809353072616,0.06194175215406022,NiFe_Ni95_Fe05_T800_8vac,482,0.6432433372074229,,0.26161187555913096
0172971dc879e54f84607be3d79a5e23fcdd1696db3d9a2169ff68ea5184fbd7,388,False,X_mover_mismatch,V1NN_inplane,A1_fe_mover,7.80939590637492,0.653194142105349,,1,OTHER,1,1,1,-2.486376783761591,0.06468209556681147,NiFe_Ni95_Fe05_T800_9vac,903,0.6531941421053489,,0.07520412128211626
d1680c9485541b097f228ad4a76f303bfd022762d9aebbda898a2049aac63dad,389,False,X_mover_mismatch,C2_0deg,A1_fe_mover,4.068913307770277,1.065732845495404,,1,HOLLOW_FCC|OTHER,2,2,1,-0.03336566857932244,1.6376125637570231,NiFe_Ni95_Fe05_T700_10vac,1288,1.065732845495404,,0.0391834469083814
2f5dd741e6347be75d4c763363bd1d65edaff0de6bf90a796481b496114f4720,390,False,X_mover_mismatch,C2_0deg,A0_no_local_fe,2.7273755571959564,0.8290474052046194,,1,HOLLOW_FCC|OTHER,2,2,1,-0.041209586522894526,0.9215843817044207,NiFe_Ni95_Fe05_T800_10vac,489,0.8290474052046193,,0.026264500435662384
7c1f2c1c3bfea2e03c24ed3a04ac5f7183fa1b61f9c96d31899ad0f156449f26,391,False,X_mover_mismatch,C2_0deg,A0_no_local_fe,2.257330592263135,0.8616204114814537,,1,HOLLOW_FCC|OTHER,2,2,1,-0.029392713572846674,0.9327942305763789,NiFe_Ni95_Fe05_T800_6vac,811,0.8616204114814536,,0.021737989169662943
e758879db655894974737df28aba5b18038a37d64c8d0f519ad91a36118472a6,392,False,X_mover_mismatch,C2_0deg,A2_fe_ctx_1nn,1.6907741935570546,0.8424970329506322,,1,HOLLOW_FCC|OTHER,2,2,1,-0.03559090789487507,0.9363034045647511,NiFe_Ni95_Fe05_T700_7vac,439,0.8424970329506323,,0.016282077261461428
b6b90a3bb90954836a6e6ecb85d8d6d077ed7aee0308c23d262534c1501b16d3,393,False,X_mover_mismatch,C2_0deg,A0_no_local_fe,1.60880064561232,0.8016101269176942,,1,HOLLOW_FCC|OTHER,2,2,1,-0.031953208944402345,0.8984037657644033,NiFe_Ni95_Fe05_T700_6vac,450,0.8016101269176943,,0.015492675787202861
93359b7d161e5bfbf67f215a2b4e2b8d789cbbb6a4193f8c37fc6174a86f7765,394,False,X_mover_mismatch,C2_0deg,A2_fe_ctx_1nn,1.423826732893509,0.8046446102562188,,1,HOLLOW_FCC|OTHER,2,2,1,-0.0008042629916786836,0.8643908542471954,NiFe_Ni95_Fe05_T800_6vac,1010,0.8046446102562186,,0.013711385565410227
66213ee61df0a1e2c3603d510acabdde32458d5c52ec299ba51b5bb0dc1e4aff,395,False,X_mover_mismatch,C2_0deg,A0_no_local_fe,1.1172151872387324,0.764523602550563,,2,HOLLOW_FCC|OTHER,2,2,1,-0.025740101973522833,0.9287298702394932,NiFe_Ni95_Fe05_T500_9vac,254,0.8262476088330004,,0.010758730565924798
36c414a94992199c0f85b0446d35ae1e5bb04af67c142eb193f76bcc4ff582d0,396,False,X_mover_mismatch,C2_0deg,A0_no_local_fe,1.00744656879915,0.8002994653725183,,1,HOLLOW_FCC|OTHER,2,2,1,-0.031617082685006626,0.9041891152613066,NiFe_Ni95_Fe05_T700_6vac,396,0.8002994653725182,,0.009701663848720466
dc27fc256d933154eae281e8a4ff4e1d6d5f23e1ed48e66e43041f79f334327e,397,False,X_mover_mismatch,C2_0deg,A1_fe_mover,0.96806003703045,0.7303793816518008,,1,HOLLOW_FCC|OTHER,2,2,1,-0.03336566857932244,0.8414758176784985,NiFe_Ni95_Fe05_T700_10vac,1287,0.7303793816518009,,0.009322373369978404
fbb15ef922868148be66e85a32837d70cccea196bd29d02131abab5ee541e638,398,False,X_mover_mismatch,C2_0deg,A2_fe_ctx_1nn,0.928640713551192,0.7639296720908534,,1,HOLLOW_FCC|OTHER,2,2,1,-0.006709662997487653,0.8449634782513445,NiFe_Ni95_Fe05_T800_6vac,2013,0.7639296720908533,,0.008942767108580755
c6d1acb60dd41a93b6e84e783894e389dbe95aa34aaa8ad8dfb3f04a1779f864,399,False,X_mover_mismatch,C3,A1_fe_mover,0.6880660352405649,3.188428416680084,0.02,8,HOLLOW_HCP|OTHER,3,3,2,-0.07437639177426991,1.0676248143866367,NiFe_Ni95_Fe05_T700_4vac,14,3.1885333334848838,,0.006626044086469712
d0e42b7edad99cc6415ba05b459fdd69a2625df32d87c66f5dfb14b318595608,400,False,X_mover_mismatch,C2_60deg,A2_fe_ctx_1nn,0.0007924557259107,1.3072488852139938,,1,HOLLOW_HCP|OTHER,2,2,1,-0.09305371972891541,1.9192058765544795,NiFe_Ni95_Fe05_T800_8vac,1667,1.307248885213994,,7.631311978106623e-06
df605a6d11241a534ba2658427d3c71334f76cf7abcbaa8fb780b4a9300ba175,401,False,X_mover_mismatch,C3,A1_fe_mover,0.0003927423922225,1.1804226284957622,,1,HOLLOW_FCC|OTHER,3,3,2,-0.025806851670748365,0.8653018212187539,NiFe_Ni95_Fe05_T800_8vac,531,1.1804226284957622,,3.7820910671488475e-06
3407265592e5bedab9059eceb417b3555e24151c345d3842160611ea188d93db,402,False,X_mover_mismatch,C3,A2_fe_ctx_1nn,0.0001764097499895,1.2377214246434958,,1,HOLLOW_FCC|OTHER,3,3,2,-0.008184114402723486,0.8491275446919028,NiFe_Ni95_Fe05_T800_8vac,297,1.237721424643496,,1.6988177309244036e-06
ee050048b0e85a2fd3ecfdb91a08a54b87e4cb548e84a8ca1b5b4630262e7ae0,403,False,X_mover_mismatch,C2_60deg,A2_fe_ctx_1nn,9.23292208933238e-05,1.5122681050161189,,1,HOLLOW_HCP|OTHER,2,2,1,-0.09442260672926439,1.6494734090577765,NiFe_Ni95_Fe05_T800_8vac,2951,1.512268105016119,,8.891261256554707e-07
740cd48ceddf3e8f9b469092e44b685b84bb80611b646667c2cccd04a7dd3d0d,404,False,X_mover_mismatch,C2_60deg,A2_fe_ctx_1nn,8.571668925467336e-05,1.7150498977007373,,1,HOLLOW_HCP|OTHER,2,2,1,-0.16446944785244222,1.9459110258821342,NiFe_Ni95_Fe05_T800_8vac,2536,1.7150498977007373,,8.254477518994476e-07
ded7a076d44ff026f9fecbbcdc681c9ff129dbc8a6f6badab547ab2bbc958aa8,405,False,X_mover_mismatch,C3,A2_fe_ctx_1nn,2.7197051180804048e-05,1.2238965793258103,,1,HOLLOW_FCC|OTHER,3,3,1,-0.004490583732815079,0.8499514691095706,NiFe_Ni95_Fe05_T800_7vac,382,1.2238965793258103,,2.6190634461847156e-07
1e7537a6526a605efc85983cf7550b51d35d127f30a8b997b55f076418fa0741,406,False,X_mover_mismatch,V1NN_outofplane,A2_fe_ctx_1nn,9.745051583249998e-08,1.390960432274369,,1,OTHER,1,1,1,-2.3370592210508234,0.22391088386732277,NiFe_Ni95_Fe05_T800_8vac,1814,1.390960432274369,,9.38443958986586e-10
eb9cc945bbe1231e5fc15109fae9ea87ed451eede43690c5ac8540261d20c81f,407,False,X_mover_mismatch,V1NN_outofplane,A2_fe_ctx_1nn,0.0,0.4141574122531893,,1,OTHER,1,1,1,-2.3370592210508234,0.15044665733156104,NiFe_Ni95_Fe05_T800_8vac,1815,0.41415741225318925,,0.0
a1eb378cb899341c558283f88777b52a89091c135479adda62bfb1546fbd680c,408,False,X_prev_failed,V1NN_inplane,A1_fe_mover,643.5330192521644,0.6361395795202838,0.02,17,OTHER,1,1,0,2.4704401490231893,1.279263260289777,NiFe_Ni95_Fe05_T300_10vac,193,0.6437213865419835,refine_failed,6.1971932027904515
177d99c2c30028645807fc5151fb154b33bad159d048d7f310da0390f98c5256,409,False,X_prev_failed,V1NN_inplane,A2_fe_ctx_1nn,329.2044255737529,0.40088790234676713,,1,HOLLOW_FCC,1,1,0,2.3297360750853264,0.9570202551746272,NiFe_Ni95_Fe05_T700_10vac,1198,0.4008879023467671,refine_failed,3.1702233878612827
94b46313077e822f1b752caaf2b7d3171d5258335be3c0226e6ae526abbd2dd5,410,False,X_prev_failed,V1NN_inplane,A1_fe_mover,238.3094825039509,0.5995530951194652,,2,OTHER,1,1,0,2.470183331405872,1.2786413943354924,NiFe_Ni95_Fe05_T400_10vac,192,0.6439644315578334,refine_failed,2.29490929129046
c220eafe43085364d30de102521984cba4aa5fd9eec99a754badbf0bfd4d797e,411,False,X_prev_failed,V1NN_inplane,A1_fe_mover,155.50838569612375,0.6133523108283044,,1,HOLLOW_FCC,1,1,0,2.4685993965033366,1.3247230423347554,NiFe_Ni95_Fe05_T500_10vac,827,0.6133523108283043,acceptance_failed,1.497538559766283
11f9c7e0ef10ae52d7ad7283489e522be42ae99acf16e168a37594a68291f479,412,False,X_prev_failed,V1NN_inplane,A1_fe_mover,154.62643390066825,0.5447102506541341,,1,HOLLOW_FCC,1,1,0,2.4685993965033366,1.2351044474623352,NiFe_Ni95_Fe05_T500_10vac,826,0.5447102506541341,acceptance_failed,1.4890454047789334
39a226f222d5e8c54a482d1a68dc25145285813c7ef71156387b68befce6b6a3,413,False,X_prev_failed,V1NN_inplane,A1_fe_mover,147.83830629230496,0.646974655609468,0.02,3,OTHER,1,1,0,2.4757893945165077,1.2704447785175235,NiFe_Ni95_Fe05_T800_7vac,625,0.6471032463550728,refine_failed,1.4236760499584011
7fb85a3d3e73d276b0408e4ae14529eab087468d49d3582b032f53dcd2c9f000,414,False,X_prev_failed,V1NN_inplane,A1_fe_mover,96.46752071613952,0.7122270702793684,,1,HOLLOW_FCC,1,1,0,2.450032301513075,1.5654367968526366,NiFe_Ni95_Fe05_T800_8vac,1366,0.7122270702793685,refine_failed,0.9289777614936208
caed33222c0b33a0c4c7204a17171ba766a59c666ed80f597ba3439d713187ba,415,False,X_prev_failed,V1NN_inplane,A1_fe_mover,79.29064119368212,0.6328512444924854,,1,OTHER,1,1,4,-2.4753416667112855,0.05946148170003519,NiFe_Ni95_Fe05_T500_8vac,467,0.6328512444924854,acceptance_failed,0.7635652063687496
a384bbd4ae800a67c32ebf85a4241808d7446e06e5fd52ce162f7ef35bb057c8,416,False,X_prev_failed,V1NN_inplane,A1_fe_mover,78.3024588547382,0.6543026837753133,,1,OTHER,1,1,0,2.476966383602746,1.270001930990841,NiFe_Ni95_Fe05_T800_9vac,938,0.6543026837753132,refine_failed,0.7540490561622888
9f725bb3b74e5a82d94afcf04c6bcee15763c188c752ec2f7311582889e886df,417,False,X_prev_failed,V1NN_inplane,A1_fe_mover,70.62510558484972,0.6550865951312519,,1,OTHER,1,1,0,2.489327160186372,1.2896207756720057,NiFe_Ni95_Fe05_T800_9vac,980,0.6550865951312517,refine_failed,0.680116499360676
73717032f640c5a3ee951fca699ca27b0f13790c078e7155763b71b8b7cd42f3,418,False,X_prev_failed,V1NN_inplane,A1_fe_mover,67.24611308159503,0.6456992468483805,,1,OTHER,1,1,0,2.475721149002882,1.2780174975411454,NiFe_Ni95_Fe05_T800_6vac,1275,0.6456992468483804,refine_failed,0.6475769578810733
b593e0841fe0c9942e5feb60a43fb7a1489b03b8a191999baeb6108a22ac0ce1,419,False,X_prev_failed,V1NN_inplane,A0_no_local_fe,51.4152768556545,0.7720809690212609,0.02,9,HOLLOW_FCC,1,1,0,2.5172469782659324,1.055849100637666,NiFe_Ni95_Fe05_T400_3vac,90,0.788986404831121,acceptance_failed,0.4951267374279018
6eda27ed5beaa4b2ef9c3dff27fde6abf2cbaa4c457c5cf2c0ba007c79652e80,420,False,X_prev_failed,V1NN_inplane,A0_no_local_fe,48.734518292601074,0.8592795097071868,0.02,8,HOLLOW_FCC,1,1,0,2.5354720265031214,1.489495654037673,NiFe_Ni95_Fe05_T500_6vac,146,0.8713338389998171,acceptance_failed,0.4693111564891291
334af7c70c9499c0fdd44ea5ed5d8fb292f18145ffff547242f97ccc9a89d2e8,421,False,X_prev_failed,V1NN_inplane,A1_fe_mover,48.42903704365997,0.6358289012196111,,1,HOLLOW_FCC,1,1,0,2.433812655219039,1.4916474050276607,NiFe_Ni95_Fe05_T800_8vac,1772,0.635828901219611,refine_failed,0.4663693861947039
a69b964d2946474f0cfc2bbc5894459ca5bdfeb06aa5973109894bb3c4dab9e1,422,False,X_prev_out_of_band,V1NN_inplane,A0_no_local_fe,41.956727921356816,0.7944388736175734,0.02,3,HOLLOW_FCC,1,1,0,2.5316482395101416,1.5123865222807078,NiFe_Ni95_Fe05_T600_7vac,221,0.860368354304228,measured_out_of_band,0.404041348783808
eef230ae247a018a00b3a79beb9b711a8100c76bffc5c1f3314c6cde518c8dad,423,False,X_prev_failed,V1NN_inplane,A1_fe_mover,41.40853141087241,0.646869369365959,,1,OTHER,1,1,1,-2.468073113638122,0.061864557860763114,NiFe_Ni95_Fe05_T600_10vac,546,0.6468693693659588,acceptance_failed,0.39876224174977376
53088f1be024e8c7f0dc049bdab793c3f7207ecb570932acb0d9ba716d936518,424,False,X_prev_failed,V1NN_inplane,A1_fe_mover,40.53860215435276,0.6496635209796296,,1,OTHER,1,1,0,2.4773888470942103,1.2826177235741556,NiFe_Ni95_Fe05_T700_7vac,349,0.6496635209796295,refine_failed,0.39038486325616195
63c83f9dd32be90a3ad84d03d8c11bd2c5062e4795ce7ba808bd35940bb30605,425,False,X_prev_failed,V1NN_inplane,A1_fe_mover,39.10170685528752,0.6459874248466803,,1,OTHER,1,1,2,-2.468685282526746,0.06104842792235868,NiFe_Ni95_Fe05_T600_10vac,556,0.6459874248466804,acceptance_failed,0.3765476280031261
aa6cdef02cd82ad0c1b2839ff68658ea5d8355a091462b216059eae710c15b28,426,False,X_prev_failed,V1NN_inplane,A1_fe_mover,36.569994463515805,0.6335436274794121,,1,HOLLOW_FCC,1,1,0,2.454059113914436,1.1809971704679982,NiFe_Ni95_Fe05_T700_10vac,813,0.633543627479412,refine_failed,0.3521673547982788
3578dcf055426c5cc09e65d9c72a3208e487ec4f710b567e94f86fb10f09e262,427,False,X_prev_failed,V1NN_inplane,A1_fe_mover,35.50426371905223,0.6477891863287369,,1,HOLLOW_FCC,1,1,0,2.4769664968552796,1.2987828613397505,NiFe_Ni95_Fe05_T700_7vac,408,0.6477891863287368,refine_failed,0.34190441703438684
